yearly_agency_id,agency_id,data_year,ori,legacy_ori,covered_by_legacy_ori,direct_contributor_flag,dormant_flag,dormant_year,reporting_type,ucr_agency_name,ncic_agency_name,pub_agency_name,pub_agency_unit,agency_status,state_id,state_name,state_abbr,state_postal_abbr,division_code,division_name,region_code,region_name,region_desc,agency_type_name,population,submitting_agency_id,sai,submitting_agency_name,suburban_area_flag,population_group_id,population_group_code,population_group_desc,parent_pop_group_code,parent_pop_group_desc,mip_flag,pop_sort_order,summary_rape_def,pe_reported_flag,male_officer,male_civilian,male_officer+male_civilian,female_officer,female_civilian,female_officer+female_civilian,officer_rate,employee_rate,nibrs_cert_date,nibrs_start_date,nibrs_leoka_start_date,nibrs_ct_start_date,nibrs_multi_bias_start_date,nibrs_off_eth_start_date,covered_flag,county_name,msa_name,publishable_flag,participated,nibrs_participated
118292023,11829,2023,NH0010000,NH0010000,,N,N,,I,BELKNAP,SO BELKNAP COUNTY LACONIA,Belknap,,A,34,New Hampshire,NH,NH,1,New England,1,Northeast,Region I,County,0,23381,NHUCR0001,New Hampshire Department of Public Safety New Hampshire State Police Uniform Crime Reporting Unit,N,16,8D,"Non-MSA counties under 10,000",8,Non-MSA Counties,N,16,,Y,8,4,12,1,5,6,0,0,2002-01-01,2017-01-01,2022-02-01,2022-02-01,,,N,BELKNAP,Not Specified,Y,Y,Y
118302023,11830,2023,NH001010X,NH0010100,,N,N,,I,SP: BELKNAP COUNTY,SP: BELKNAP COUNTY,State Police:,Belknap County,A,34,New Hampshire,NH,NH,1,New England,1,Northeast,Region I,State Police,0,23381,NHUCR0001,New Hampshire Department of Public Safety New Hampshire State Police Uniform Crime Reporting Unit,N,16,8D,"Non-MSA counties under 10,000",8,Non-MSA Counties,N,16,,N,,,,,,,0,0,2002-01-01,2003-01-01,2003-01-01,2015-03-01,2023-04-01,2023-04-01,N,BELKNAP,Not Specified,Y,Y,Y
118312023,11831,2023,NH0010200,NH0010200,,N,N,,I,ALTON,ALTON PD,Alton,,A,34,New Hampshire,NH,NH,1,New England,1,Northeast,Region I,City,6084,23381,NHUCR0001,New Hampshire Department of Public Safety New Hampshire State Police Uniform Crime Reporting Unit,N,10,6,"Cities from 2,500 thru 9,999",6,"Cities from 2,500 thru 9,999",N,10,,Y,13,0,13,0,2,2,2.1,2.5,2002-01-01,2003-01-01,2003-01-01,2010-04-01,,,N,BELKNAP,Not Specified,Y,Y,Y
118322023,11832,2023,NH0010400,NH0010400,,N,N,,I,BARNSTEAD,BARNSTEAD PD,Barnstead,,A,34,New Hampshire,NH,NH,1,New England,1,Northeast,Region I,City,5038,23381,NHUCR0001,New Hampshire Department of Public Safety New Hampshire State Police Uniform Crime Reporting Unit,N,10,6,"Cities from 2,500 thru 9,999",6,"Cities from 2,500 thru 9,999",N,10,,Y,5,0,5,2,1,3,1.4,1.6,2002-01-01,2002-07-01,2002-07-01,2010-04-01,,,N,BELKNAP,Not Specified,Y,Y,Y
118332023,11833,2023,NH0010600,NH0010600,,N,N,,I,BELMONT,BELMONT PD,Belmont,,A,34,New Hampshire,NH,NH,1,New England,1,Northeast,Region I,City,7466,23381,NHUCR0001,New Hampshire Department of Public Safety New Hampshire State Police Uniform Crime Reporting Unit,N,10,6,"Cities from 2,500 thru 9,999",6,"Cities from 2,500 thru 9,999",N,10,,Y,12,0,12,3,3,6,2.0,2.4,2002-01-01,2003-01-01,2003-01-01,2010-04-01,,,N,BELKNAP,Not Specified,Y,Y,Y
118342023,11834,2023,NH0010800,NH0010800,,N,N,,I,CENTER HARBOR,CENTER HARBOR PD,Center Harbor,,A,34,New Hampshire,NH,NH,1,New England,1,Northeast,Region I,City,1039,23381,NHUCR0001,New Hampshire Department of Public Safety New Hampshire State Police Uniform Crime Reporting Unit,N,11,7,"Cities under 2,500",7,"Cities under 2,500",N,11,,Y,3,0,3,1,0,1,3.8,3.8,2002-01-01,2008-12-01,2008-12-01,2010-10-01,,,N,BELKNAP,Not Specified,Y,Y,Y
118352023,11835,2023,NH0011000,NH0011000,,N,N,,I,GILFORD,GILFORD PD,Gilford,,A,34,New Hampshire,NH,NH,1,New England,1,Northeast,Region I,City,7927,23381,NHUCR0001,New Hampshire Department of Public Safety New Hampshire State Police Uniform Crime Reporting Unit,N,10,6,"Cities from 2,500 thru 9,999",6,"Cities from 2,500 thru 9,999",N,10,,Y,18,1,19,2,5,7,2.5,3.3,2002-01-01,2003-01-01,2003-01-01,2010-04-01,,,N,BELKNAP,Not Specified,Y,Y,Y
118362023,11836,2023,NH0011200,NH0011200,,N,N,,I,GILMANTON,GILMANTON PD,Gilmanton,,A,34,New Hampshire,NH,NH,1,New England,1,Northeast,Region I,City,4050,23381,NHUCR0001,New Hampshire Department of Public Safety New Hampshire State Police Uniform Crime Reporting Unit,N,10,6,"Cities from 2,500 thru 9,999",6,"Cities from 2,500 thru 9,999",N,10,,Y,3,0,3,1,1,2,1.0,1.2,2002-01-01,2003-01-01,2003-01-01,2010-04-01,,,N,BELKNAP,Not Specified,Y,Y,Y
118372023,11837,2023,NH0011400,NH0011400,,N,N,,I,LACONIA,LACONIA PD,Laconia,,A,34,New Hampshire,NH,NH,1,New England,1,Northeast,Region I,City,17171,23381,NHUCR0001,New Hampshire Department of Public Safety New Hampshire State Police Uniform Crime Reporting Unit,N,9,5,"Cities from 10,000 thru 24,999",5,"Cities from 10,000 thru 24,999",N,9,,Y,30,5,35,8,6,14,2.2,2.9,2002-01-01,2002-01-01,2002-01-01,2010-04-01,,,N,BELKNAP,Not Specified,Y,Y,Y
118382023,11838,2023,NH0011600,NH0011600,,N,N,,I,MEREDITH,MEREDITH PD,Meredith,,A,34,New Hampshire,NH,NH,1,New England,1,Northeast,Region I,City,6803,23381,NHUCR0001,New Hampshire Department of Public Safety New Hampshire State Police Uniform Crime Reporting Unit,N,10,6,"Cities from 2,500 thru 9,999",6,"Cities from 2,500 thru 9,999",N,10,,N,,,,,,,,,2002-01-01,2002-06-01,2002-06-01,2010-04-01,,,N,BELKNAP,Not Specified,Y,Y,Y
118392023,11839,2023,NH0011800,NH0011800,,N,N,,I,NEW HAMPTON,NEW HAMPTON PD,New Hampton,,A,34,New Hampshire,NH,NH,1,New England,1,Northeast,Region I,City,2453,23381,NHUCR0001,New Hampshire Department of Public Safety New Hampshire State Police Uniform Crime Reporting Unit,N,11,7,"Cities under 2,500",7,"Cities under 2,500",N,11,,Y,4,0,4,1,1,2,2.0,2.4,2002-01-01,2003-01-01,2003-01-01,2010-07-01,,,N,BELKNAP,Not Specified,Y,Y,Y
118402023,11840,2023,NH0012000,NH0012000,,N,N,,I,SANBORNTON,SANBORNTON,Sanbornton,,A,34,New Hampshire,NH,NH,1,New England,1,Northeast,Region I,City,3072,23381,NHUCR0001,New Hampshire Department of Public Safety New Hampshire State Police Uniform Crime Reporting Unit,N,10,6,"Cities from 2,500 thru 9,999",6,"Cities from 2,500 thru 9,999",N,10,,Y,6,1,7,0,0,0,2.0,2.3,2002-01-01,2011-01-01,2011-01-01,2012-09-01,,,N,BELKNAP,Not Specified,Y,Y,Y
118412023,11841,2023,NH0012200,NH0012200,,N,N,,I,TILTON,TILTON PD,Tilton,,A,34,New Hampshire,NH,NH,1,New England,1,Northeast,Region I,City,4113,23381,NHUCR0001,New Hampshire Department of Public Safety New Hampshire State Police Uniform Crime Reporting Unit,N,10,6,"Cities from 2,500 thru 9,999",6,"Cities from 2,500 thru 9,999",N,10,,Y,11,1,12,2,1,3,3.2,3.6,2002-01-01,2003-01-01,2003-01-01,2010-04-01,,,N,BELKNAP,Not Specified,Y,Y,Y
118432023,11843,2023,NH0020000,NH0020000,,N,N,,I,CARROLL,SO CARROLL COUNTY OSSIPEE,Carroll,,A,34,New Hampshire,NH,NH,1,New England,1,Northeast,Region I,County,1727,23381,NHUCR0001,New Hampshire Department of Public Safety New Hampshire State Police Uniform Crime Reporting Unit,N,16,8D,"Non-MSA counties under 10,000",8,Non-MSA Counties,N,16,,Y,12,3,15,1,8,9,7.5,13.9,2002-01-01,2002-01-01,2002-01-01,2011-03-01,,,N,CARROLL,Not Specified,Y,Y,Y
118442023,11844,2023,NH002010X,NH0020100,,N,N,,I,SP: CARROLL COUNTY,SP: CARROLL COUNTY,State Police:,Carroll County,A,34,New Hampshire,NH,NH,1,New England,1,Northeast,Region I,State Police,0,23381,NHUCR0001,New Hampshire Department of Public Safety New Hampshire State Police Uniform Crime Reporting Unit,N,16,8D,"Non-MSA counties under 10,000",8,Non-MSA Counties,N,16,,N,,,,,,,0,0,2002-01-01,2003-01-01,2003-01-01,2015-03-01,2022-02-01,2022-02-01,N,CARROLL,Not Specified,Y,Y,Y
118452023,11845,2023,NH0020400,NH0020400,,N,N,,I,BARTLETT,BARTLETT PD,Bartlett,,A,34,New Hampshire,NH,NH,1,New England,1,Northeast,Region I,City,3371,23381,NHUCR0001,New Hampshire Department of Public Safety New Hampshire State Police Uniform Crime Reporting Unit,N,10,6,"Cities from 2,500 thru 9,999",6,"Cities from 2,500 thru 9,999",N,10,,Y,4,0,4,1,0,1,1.5,1.5,2002-01-01,2003-01-01,2003-01-01,2010-04-01,,,N,CARROLL,Not Specified,Y,Y,Y
118472023,11847,2023,NH0021000,NH0021000,,N,N,,I,CONWAY,CONWAY PD,Conway,,A,34,New Hampshire,NH,NH,1,New England,1,Northeast,Region I,City,10449,23381,NHUCR0001,New Hampshire Department of Public Safety New Hampshire State Police Uniform Crime Reporting Unit,N,9,5,"Cities from 10,000 thru 24,999",5,"Cities from 10,000 thru 24,999",N,9,,N,,,,,,,,,2002-01-01,2003-01-01,2003-01-01,2010-04-01,,,N,CARROLL,Not Specified,Y,Y,Y
118492023,11849,2023,NH0021600,NH0021600,,N,N,,I,FREEDOM,FREEDOM PD,Freedom,,A,34,New Hampshire,NH,NH,1,New England,1,Northeast,Region I,City,1756,23381,NHUCR0001,New Hampshire Department of Public Safety New Hampshire State Police Uniform Crime Reporting Unit,N,11,7,"Cities under 2,500",7,"Cities under 2,500",N,11,,Y,3,0,3,0,0,0,1.7,1.7,2002-01-01,2003-01-01,2003-01-01,2010-04-01,,,N,CARROLL,Not Specified,Y,Y,Y
118502023,11850,2023,NH0022000,NH0022000,,N,N,,I,JACKSON,JACKSON,Jackson,,A,34,New Hampshire,NH,NH,1,New England,1,Northeast,Region I,City,1092,23381,NHUCR0001,New Hampshire Department of Public Safety New Hampshire State Police Uniform Crime Reporting Unit,N,11,7,"Cities under 2,500",7,"Cities under 2,500",N,11,,N,,,,,,,,,2002-01-01,2010-09-01,2010-09-01,2016-03-01,,,N,CARROLL,Not Specified,Y,Y,Y
118512023,11851,2023,NH0022200,NH0022200,,N,N,,I,MADISON,MADISON PD,Madison,,A,34,New Hampshire,NH,NH,1,New England,1,Northeast,Region I,City,2751,23381,NHUCR0001,New Hampshire Department of Public Safety New Hampshire State Police Uniform Crime Reporting Unit,N,10,6,"Cities from 2,500 thru 9,999",6,"Cities from 2,500 thru 9,999",N,10,,Y,3,0,3,0,0,0,1.1,1.1,2002-01-01,2002-06-01,2002-06-01,2010-04-01,,,N,CARROLL,Not Specified,Y,Y,Y
118522023,11852,2023,NH0022400,NH0022400,,N,N,,I,MOULTONBOROUGH,MOULTONBORO PD,Moultonborough,,A,34,New Hampshire,NH,NH,1,New England,1,Northeast,Region I,City,5282,23381,NHUCR0001,New Hampshire Department of Public Safety New Hampshire State Police Uniform Crime Reporting Unit,N,10,6,"Cities from 2,500 thru 9,999",6,"Cities from 2,500 thru 9,999",N,10,,Y,7,0,7,1,1,2,1.5,1.7,2002-01-01,2003-01-01,2003-01-01,2010-04-01,,,N,CARROLL,Not Specified,Y,Y,Y
118532023,11853,2023,NH0022600,NH0022600,,N,N,,I,OSSIPEE,OSSIPEE PD,Ossipee,,A,34,New Hampshire,NH,NH,1,New England,1,Northeast,Region I,City,4663,23381,NHUCR0001,New Hampshire Department of Public Safety New Hampshire State Police Uniform Crime Reporting Unit,N,10,6,"Cities from 2,500 thru 9,999",6,"Cities from 2,500 thru 9,999",N,10,,Y,6,0,6,2,1,3,1.7,1.9,2002-01-01,2003-01-01,2003-01-01,2010-04-01,,,N,CARROLL,Not Specified,Y,Y,Y
118542023,11854,2023,NH0022800,NH0022800,,N,N,,I,SANDWICH,SANDWICH PD,Sandwich,,A,34,New Hampshire,NH,NH,1,New England,1,Northeast,Region I,City,1571,23381,NHUCR0001,New Hampshire Department of Public Safety New Hampshire State Police Uniform Crime Reporting Unit,N,11,7,"Cities under 2,500",7,"Cities under 2,500",N,11,,N,,,,,,,,,2002-01-01,2003-01-01,2003-01-01,2010-04-01,,,N,CARROLL,Not Specified,Y,Y,Y
118552023,11855,2023,NH0023000,NH0023000,,N,N,,I,TAMWORTH,TAMWORTH PD,Tamworth,,A,34,New Hampshire,NH,NH,1,New England,1,Northeast,Region I,City,2936,23381,NHUCR0001,New Hampshire Department of Public Safety New Hampshire State Police Uniform Crime Reporting Unit,N,10,6,"Cities from 2,500 thru 9,999",6,"Cities from 2,500 thru 9,999",N,10,,Y,1,0,1,0,0,0,0.3,0.3,2002-01-01,2011-01-01,2011-01-01,2017-02-01,,,N,CARROLL,Not Specified,Y,Y,Y
118562023,11856,2023,NH0023200,NH0023200,,N,N,,I,TUFTONBORO,TUFTONBORO PD,Tuftonboro,,A,34,New Hampshire,NH,NH,1,New England,1,Northeast,Region I,City,2640,23381,NHUCR0001,New Hampshire Department of Public Safety New Hampshire State Police Uniform Crime Reporting Unit,N,10,6,"Cities from 2,500 thru 9,999",6,"Cities from 2,500 thru 9,999",N,10,,Y,3,0,3,0,0,0,1.1,1.1,2002-01-01,2017-01-01,2017-01-01,2017-04-01,,,N,CARROLL,Not Specified,Y,Y,Y
118572023,11857,2023,NH0023400,NH0023400,,N,N,,I,WAKEFIELD,WAKEFIELD PD,Wakefield,,A,34,New Hampshire,NH,NH,1,New England,1,Northeast,Region I,City,6418,23381,NHUCR0001,New Hampshire Department of Public Safety New Hampshire State Police Uniform Crime Reporting Unit,N,10,6,"Cities from 2,500 thru 9,999",6,"Cities from 2,500 thru 9,999",N,10,,Y,11,1,12,0,1,1,1.7,2.0,2002-01-01,2003-01-01,2003-01-01,2010-07-01,,,N,CARROLL,Not Specified,Y,Y,Y
118582023,11858,2023,NH0023600,NH0023600,,N,N,,I,WOLFEBORO,WOLFEBORO PD,Wolfeboro,,A,34,New Hampshire,NH,NH,1,New England,1,Northeast,Region I,City,6700,23381,NHUCR0001,New Hampshire Department of Public Safety New Hampshire State Police Uniform Crime Reporting Unit,N,10,6,"Cities from 2,500 thru 9,999",6,"Cities from 2,500 thru 9,999",N,10,,Y,13,3,16,1,3,4,2.1,3.0,2002-01-01,2004-01-01,2004-01-01,2010-04-01,,,N,CARROLL,Not Specified,Y,Y,Y
118602023,11860,2023,NH0030000,NH0030000,,N,N,,I,CHESHIRE,SO CHESHIRE COUNTY KEENE,Cheshire,,A,34,New Hampshire,NH,NH,1,New England,1,Northeast,Region I,County,0,23381,NHUCR0001,New Hampshire Department of Public Safety New Hampshire State Police Uniform Crime Reporting Unit,N,16,8D,"Non-MSA counties under 10,000",8,Non-MSA Counties,N,16,,Y,10,5,15,0,8,8,0,0,2002-01-01,2002-05-01,2002-05-01,2010-04-01,,,N,CHESHIRE,Not Specified,Y,Y,Y
118612023,11861,2023,NH003010X,NH0030100,,N,N,,I,SP: CHESHIRE COUNTY,SP: CHESHIRE COUNTY,State Police:,Cheshire County,A,34,New Hampshire,NH,NH,1,New England,1,Northeast,Region I,State Police,6644,23381,NHUCR0001,New Hampshire Department of Public Safety New Hampshire State Police Uniform Crime Reporting Unit,N,16,8D,"Non-MSA counties under 10,000",8,Non-MSA Counties,N,16,,N,,,,,,,,,2002-01-01,2003-01-01,2003-01-01,2015-03-01,2022-02-01,2022-02-01,N,CHESHIRE,Not Specified,Y,Y,Y
118622023,11862,2023,NH0030200,NH0030200,,N,N,,I,ALSTEAD,ALSTEAD PD,Alstead,,A,34,New Hampshire,NH,NH,1,New England,1,Northeast,Region I,City,1927,23381,NHUCR0001,New Hampshire Department of Public Safety New Hampshire State Police Uniform Crime Reporting Unit,N,11,7,"Cities under 2,500",7,"Cities under 2,500",N,11,,Y,1,0,1,1,0,1,1.0,1.0,2002-01-01,2004-01-01,2004-01-01,2010-04-01,2023-03-01,2018-11-01,N,CHESHIRE,Not Specified,Y,Y,Y
118632023,11863,2023,NH0030400,NH0030400,,N,N,,I,CHESTERFIELD,CHESTERFIELD,Chesterfield,,A,34,New Hampshire,NH,NH,1,New England,1,Northeast,Region I,City,3673,23381,NHUCR0001,New Hampshire Department of Public Safety New Hampshire State Police Uniform Crime Reporting Unit,N,10,6,"Cities from 2,500 thru 9,999",6,"Cities from 2,500 thru 9,999",N,10,,Y,4,0,4,0,1,1,1.1,1.4,2002-01-01,2021-01-01,2021-04-01,2021-04-01,2021-04-01,2021-04-01,N,CHESHIRE,Not Specified,Y,Y,Y
118642023,11864,2023,NH0030600,NH0030600,,N,N,,I,DUBLIN,DUBLIN PD,Dublin,,A,34,New Hampshire,NH,NH,1,New England,1,Northeast,Region I,City,1593,23381,NHUCR0001,New Hampshire Department of Public Safety New Hampshire State Police Uniform Crime Reporting Unit,N,11,7,"Cities under 2,500",7,"Cities under 2,500",N,11,,Y,3,0,3,0,1,1,1.9,2.5,2002-01-01,2003-01-01,2003-01-01,2010-10-01,,,N,CHESHIRE,Not Specified,Y,Y,Y
118652023,11865,2023,NH0030800,NH0030800,,N,N,,I,FITZWILLIAM,FITZWILLIAM PD,Fitzwilliam,,A,34,New Hampshire,NH,NH,1,New England,1,Northeast,Region I,City,2478,23381,NHUCR0001,New Hampshire Department of Public Safety New Hampshire State Police Uniform Crime Reporting Unit,N,11,7,"Cities under 2,500",7,"Cities under 2,500",N,11,,Y,3,0,3,0,1,1,1.2,1.6,2002-01-01,2003-02-01,2003-02-01,2010-07-01,,,N,CHESHIRE,Not Specified,Y,Y,Y
118672023,11867,2023,NH0031200,NH0031200,,N,N,,I,HARRISVILLE,HARRISVILLE PD,Harrisville,,A,34,New Hampshire,NH,NH,1,New England,1,Northeast,Region I,City,1009,23381,NHUCR0001,New Hampshire Department of Public Safety New Hampshire State Police Uniform Crime Reporting Unit,N,11,7,"Cities under 2,500",7,"Cities under 2,500",N,11,,Y,1,0,1,0,0,0,1.0,1.0,2002-01-01,2021-01-01,2021-04-01,2021-04-01,2021-04-01,2021-04-01,N,CHESHIRE,Not Specified,Y,Y,Y
118682023,11868,2023,NH0031400,NH0031400,,N,N,,I,HINSDALE,HINSDALE PD,Hinsdale,,A,34,New Hampshire,NH,NH,1,New England,1,Northeast,Region I,City,4040,23381,NHUCR0001,New Hampshire Department of Public Safety New Hampshire State Police Uniform Crime Reporting Unit,N,10,6,"Cities from 2,500 thru 9,999",6,"Cities from 2,500 thru 9,999",N,10,,Y,7,0,7,1,1,2,2.0,2.2,2002-01-01,2002-04-01,2002-04-01,2010-07-01,,,N,CHESHIRE,Not Specified,Y,Y,Y
118692023,11869,2023,NH0031600,NH0031600,,N,N,,I,JAFFREY,JAFFREY PD,Jaffrey,,A,34,New Hampshire,NH,NH,1,New England,1,Northeast,Region I,City,5552,23381,NHUCR0001,New Hampshire Department of Public Safety New Hampshire State Police Uniform Crime Reporting Unit,N,10,6,"Cities from 2,500 thru 9,999",6,"Cities from 2,500 thru 9,999",N,10,,Y,9,0,9,1,1,2,1.8,2.0,2002-01-01,2003-01-01,2003-01-01,2010-04-01,,,N,CHESHIRE,Not Specified,Y,Y,Y
118702023,11870,2023,NH0031800,NH0031800,,N,N,,I,KEENE,KEENE PD,Keene,,A,34,New Hampshire,NH,NH,1,New England,1,Northeast,Region I,City,22639,23381,NHUCR0001,New Hampshire Department of Public Safety New Hampshire State Police Uniform Crime Reporting Unit,N,9,5,"Cities from 10,000 thru 24,999",5,"Cities from 10,000 thru 24,999",N,9,,Y,30,0,30,4,9,13,1.5,1.9,2002-01-01,2003-01-01,2003-01-01,2010-04-01,,,N,CHESHIRE,Not Specified,Y,Y,Y
118712023,11871,2023,NH0032000,NH0032000,,N,N,,I,MARLBOROUGH,MARLBOROUGH PD,Marlborough,,A,34,New Hampshire,NH,NH,1,New England,1,Northeast,Region I,City,2180,23381,NHUCR0001,New Hampshire Department of Public Safety New Hampshire State Police Uniform Crime Reporting Unit,N,11,7,"Cities under 2,500",7,"Cities under 2,500",N,11,,Y,3,0,3,0,0,0,1.4,1.4,2002-01-01,2004-12-01,2004-12-01,2010-05-01,,,N,CHESHIRE,Not Specified,Y,Y,Y
118752023,11875,2023,NH0032800,NH0032800,,N,N,,I,RINDGE,RINDGE PD,Rindge,,A,34,New Hampshire,NH,NH,1,New England,1,Northeast,Region I,City,6541,23381,NHUCR0001,New Hampshire Department of Public Safety New Hampshire State Police Uniform Crime Reporting Unit,N,10,6,"Cities from 2,500 thru 9,999",6,"Cities from 2,500 thru 9,999",N,10,,Y,6,0,6,1,1,2,1.1,1.2,2002-01-01,2003-01-01,2003-01-01,2010-04-01,,,N,CHESHIRE,Not Specified,Y,Y,Y
118762023,11876,2023,NH0033000,NH0033000,,N,N,,I,ROXBURY,ROXBURY PD,Roxbury,,A,34,New Hampshire,NH,NH,1,New England,1,Northeast,Region I,City,228,23381,NHUCR0001,New Hampshire Department of Public Safety New Hampshire State Police Uniform Crime Reporting Unit,N,11,7,"Cities under 2,500",7,"Cities under 2,500",N,11,,N,0,0,0,0,0,0,0.0,0.0,2002-01-01,2021-01-01,2022-02-01,2022-02-01,2022-02-01,2022-02-01,N,CHESHIRE,Not Specified,Y,Y,Y
118812023,11881,2023,NH0034000,NH0034000,,N,N,,I,TROY,TROY PD,Troy,,A,34,New Hampshire,NH,NH,1,New England,1,Northeast,Region I,City,2206,23381,NHUCR0001,New Hampshire Department of Public Safety New Hampshire State Police Uniform Crime Reporting Unit,N,11,7,"Cities under 2,500",7,"Cities under 2,500",N,11,,Y,3,0,3,0,0,0,1.4,1.4,2002-01-01,2003-01-01,2003-01-01,2011-03-01,,,N,CHESHIRE,Not Specified,Y,Y,Y
118822023,11882,2023,NH0034200,NH0034200,,N,N,,I,WALPOLE,WALPOLE PD,Walpole,,A,34,New Hampshire,NH,NH,1,New England,1,Northeast,Region I,City,3733,23381,NHUCR0001,New Hampshire Department of Public Safety New Hampshire State Police Uniform Crime Reporting Unit,N,10,6,"Cities from 2,500 thru 9,999",6,"Cities from 2,500 thru 9,999",N,10,,N,,,,,,,,,2002-01-01,2002-01-01,2010-04-01,2010-04-01,2021-05-01,2021-05-01,N,CHESHIRE,Not Specified,Y,Y,Y
118842023,11884,2023,NH0034600,NH0034600,,N,N,,I,WINCHESTER,WINCHESTER PD,Winchester,,A,34,New Hampshire,NH,NH,1,New England,1,Northeast,Region I,City,4292,23381,NHUCR0001,New Hampshire Department of Public Safety New Hampshire State Police Uniform Crime Reporting Unit,N,10,6,"Cities from 2,500 thru 9,999",6,"Cities from 2,500 thru 9,999",N,10,,Y,5,0,5,0,1,1,1.2,1.4,2002-01-01,2004-01-01,2004-01-01,2010-05-01,2020-07-01,2018-11-01,N,CHESHIRE,Not Specified,Y,Y,Y
118872023,11887,2023,NH004010X,NH0040100,,N,N,,I,SP: COOS COUNTY,SP: COOS COUNTY,State Police:,Coos County,A,34,New Hampshire,NH,NH,1,New England,1,Northeast,Region I,State Police,7600,23381,NHUCR0001,New Hampshire Department of Public Safety New Hampshire State Police Uniform Crime Reporting Unit,N,16,8D,"Non-MSA counties under 10,000",8,Non-MSA Counties,N,16,,N,,,,,,,,,2002-01-01,2004-01-01,2004-01-01,2015-03-01,2022-02-01,2022-02-01,N,COOS,Not Specified,Y,Y,Y
118882023,11888,2023,NH0040600,NH0040600,,N,N,,I,BERLIN,BERLIN PD,Berlin,,A,34,New Hampshire,NH,NH,1,New England,1,Northeast,Region I,City,9574,23381,NHUCR0001,New Hampshire Department of Public Safety New Hampshire State Police Uniform Crime Reporting Unit,N,10,6,"Cities from 2,500 thru 9,999",6,"Cities from 2,500 thru 9,999",N,10,,Y,19,2,21,1,6,7,2.1,2.9,2002-01-01,2003-01-01,2003-01-01,2011-03-01,,,N,COOS,Not Specified,Y,Y,Y
118892023,11889,2023,NH0041000,NH0041000,,N,N,,I,CARROLL,CARROLL PD,Carroll,,A,34,New Hampshire,NH,NH,1,New England,1,Northeast,Region I,City,845,23381,NHUCR0001,New Hampshire Department of Public Safety New Hampshire State Police Uniform Crime Reporting Unit,N,11,7,"Cities under 2,500",7,"Cities under 2,500",N,11,,Y,4,0,4,0,0,0,4.7,4.7,2002-01-01,2003-01-01,2003-01-01,2010-07-01,,,N,COOS,Not Specified,Y,Y,Y
118902023,11890,2023,NH0041600,NH0041600,,N,N,,I,COLEBROOK,COLEBROOK PD,Colebrook,,A,34,New Hampshire,NH,NH,1,New England,1,Northeast,Region I,City,2121,23381,NHUCR0001,New Hampshire Department of Public Safety New Hampshire State Police Uniform Crime Reporting Unit,N,11,7,"Cities under 2,500",7,"Cities under 2,500",N,11,,Y,5,0,5,0,0,0,2.4,2.4,2002-01-01,2002-01-01,2002-01-01,2010-10-01,,,N,COOS,Not Specified,Y,Y,Y
118932023,11893,2023,NH0043000,NH0043000,,N,N,,I,GORHAM,GORHAM PD,Gorham,,A,34,New Hampshire,NH,NH,1,New England,1,Northeast,Region I,City,2707,23381,NHUCR0001,New Hampshire Department of Public Safety New Hampshire State Police Uniform Crime Reporting Unit,N,10,6,"Cities from 2,500 thru 9,999",6,"Cities from 2,500 thru 9,999",N,10,,Y,5,1,6,1,3,4,2.2,3.7,2002-01-01,2003-01-01,2003-01-01,2010-05-01,,,N,COOS,Not Specified,Y,Y,Y
118942023,11894,2023,NH0043800,NH0043800,,N,N,,I,LANCASTER,LANCASTER PD,Lancaster,,A,34,New Hampshire,NH,NH,1,New England,1,Northeast,Region I,City,3256,23381,NHUCR0001,New Hampshire Department of Public Safety New Hampshire State Police Uniform Crime Reporting Unit,N,10,6,"Cities from 2,500 thru 9,999",6,"Cities from 2,500 thru 9,999",N,10,,N,,,,,,,,,2002-01-01,2003-04-01,2003-04-01,2010-04-01,2023-03-01,2023-03-01,N,COOS,Not Specified,Y,Y,Y
118962023,11896,2023,NH0044800,NH0044800,,N,N,,I,NORTHUMBERLAND,NORTHUMBERLAND PD GROVETON,Northumberland,,A,34,New Hampshire,NH,NH,1,New England,1,Northeast,Region I,City,2146,23381,NHUCR0001,New Hampshire Department of Public Safety New Hampshire State Police Uniform Crime Reporting Unit,N,11,7,"Cities under 2,500",7,"Cities under 2,500",N,11,,Y,3,0,3,1,0,1,1.9,1.9,2002-01-01,2004-07-01,2004-07-01,2011-03-01,2023-05-01,2023-05-01,N,COOS,Not Specified,Y,Y,Y
118992023,11899,2023,NH0047000,NH0047000,,N,N,,I,WHITEFIELD,WHITEFIELD PD,Whitefield,,A,34,New Hampshire,NH,NH,1,New England,1,Northeast,Region I,City,2515,23381,NHUCR0001,New Hampshire Department of Public Safety New Hampshire State Police Uniform Crime Reporting Unit,N,10,6,"Cities from 2,500 thru 9,999",6,"Cities from 2,500 thru 9,999",N,10,,Y,5,0,5,1,1,2,2.4,2.8,2002-01-01,2009-01-01,2009-01-01,2019-03-01,2024-03-01,2023-03-01,N,COOS,Not Specified,Y,Y,Y
119022023,11902,2023,NH005010X,NH0050100,,N,N,,I,SP: GRAFTON COUNTY,SP: GRAFTON COUNTY,State Police:,Grafton County,A,34,New Hampshire,NH,NH,1,New England,1,Northeast,Region I,State Police,2813,23381,NHUCR0001,New Hampshire Department of Public Safety New Hampshire State Police Uniform Crime Reporting Unit,N,16,8D,"Non-MSA counties under 10,000",8,Non-MSA Counties,N,16,,N,,,,,,,,,2002-01-01,2003-06-01,2003-06-01,2015-03-01,2022-02-01,2022-02-01,N,GRAFTON,Not Specified,Y,Y,Y
119032023,11903,2023,NH0050200,NH0050200,,N,N,,I,ALEXANDRIA,ALEXANDRIA PD,Alexandria,,A,34,New Hampshire,NH,NH,1,New England,1,Northeast,Region I,City,1797,23381,NHUCR0001,New Hampshire Department of Public Safety New Hampshire State Police Uniform Crime Reporting Unit,N,11,7,"Cities under 2,500",7,"Cities under 2,500",N,11,,Y,2,0,2,0,0,0,1.1,1.1,2002-01-01,2005-02-01,2005-02-01,2010-04-01,,,N,GRAFTON,Not Specified,Y,Y,Y
119042023,11904,2023,NH0050400,NH0050400,,N,N,,I,ASHLAND,ASHLAND PD,Ashland,,A,34,New Hampshire,NH,NH,1,New England,1,Northeast,Region I,City,1990,23381,NHUCR0001,New Hampshire Department of Public Safety New Hampshire State Police Uniform Crime Reporting Unit,N,11,7,"Cities under 2,500",7,"Cities under 2,500",N,11,,Y,5,0,5,1,0,1,3.0,3.0,2002-01-01,2003-01-01,2003-01-01,2010-07-01,,,N,GRAFTON,Not Specified,Y,Y,Y
119062023,11906,2023,NH0051000,NH0051000,,N,N,,I,BETHLEHEM,BETHLEHEM PD,Bethlehem,,A,34,New Hampshire,NH,NH,1,New England,1,Northeast,Region I,City,2578,23381,NHUCR0001,New Hampshire Department of Public Safety New Hampshire State Police Uniform Crime Reporting Unit,N,10,6,"Cities from 2,500 thru 9,999",6,"Cities from 2,500 thru 9,999",N,10,,Y,3,0,3,1,0,1,1.6,1.6,2002-01-01,2003-01-01,2003-01-01,2010-04-01,2023-04-01,2023-04-01,N,GRAFTON,Not Specified,Y,Y,Y
119072023,11907,2023,NH0051200,NH0051200,,N,N,,I,BRIDGEWATER,BRIDGEWATER,Bridgewater,,A,34,New Hampshire,NH,NH,1,New England,1,Northeast,Region I,City,1205,23381,NHUCR0001,New Hampshire Department of Public Safety New Hampshire State Police Uniform Crime Reporting Unit,N,11,7,"Cities under 2,500",7,"Cities under 2,500",N,11,,N,0,0,0,0,0,0,0.0,0.0,2002-01-01,2022-01-01,2022-01-01,2022-01-01,2023-08-01,2022-01-01,N,GRAFTON,Not Specified,Y,Y,Y
119082023,11908,2023,NH0051400,NH0051400,,N,N,,I,BRISTOL,BRISTOL PD,Bristol,,A,34,New Hampshire,NH,NH,1,New England,1,Northeast,Region I,City,3334,23381,NHUCR0001,New Hampshire Department of Public Safety New Hampshire State Police Uniform Crime Reporting Unit,N,10,6,"Cities from 2,500 thru 9,999",6,"Cities from 2,500 thru 9,999",N,10,,Y,8,0,8,0,1,1,2.4,2.7,2002-01-01,2003-01-01,2003-01-01,2010-04-01,,,N,GRAFTON,Not Specified,Y,Y,Y
119092023,11909,2023,NH0051600,NH0051600,,N,N,,I,CAMPTON,CAMPTON PD,Campton,,A,34,New Hampshire,NH,NH,1,New England,1,Northeast,Region I,City,3478,23381,NHUCR0001,New Hampshire Department of Public Safety New Hampshire State Police Uniform Crime Reporting Unit,N,10,6,"Cities from 2,500 thru 9,999",6,"Cities from 2,500 thru 9,999",N,10,,Y,4,0,4,1,2,3,1.4,2.0,2002-01-01,2003-01-01,2003-01-01,2010-10-01,,,N,GRAFTON,Not Specified,Y,Y,Y
119102023,11910,2023,NH0051800,NH0051800,,N,N,,I,CANAAN,CANAAN PD,Canaan,,A,34,New Hampshire,NH,NH,1,New England,1,Northeast,Region I,City,3841,23381,NHUCR0001,New Hampshire Department of Public Safety New Hampshire State Police Uniform Crime Reporting Unit,N,10,6,"Cities from 2,500 thru 9,999",6,"Cities from 2,500 thru 9,999",N,10,,Y,5,0,5,1,1,2,1.6,1.8,2002-01-01,2011-01-01,2011-01-01,2018-09-01,2023-04-01,2023-04-01,N,GRAFTON,Not Specified,Y,Y,Y
119122023,11912,2023,NH0052600,NH0052600,,N,N,,I,ENFIELD,ENFIELD PD,Enfield,,A,34,New Hampshire,NH,NH,1,New England,1,Northeast,Region I,City,4569,23381,NHUCR0001,New Hampshire Department of Public Safety New Hampshire State Police Uniform Crime Reporting Unit,N,10,6,"Cities from 2,500 thru 9,999",6,"Cities from 2,500 thru 9,999",N,10,,Y,6,0,6,0,1,1,1.3,1.5,2002-01-01,2002-09-01,2002-09-01,2010-07-01,2023-03-01,2023-03-01,N,GRAFTON,Not Specified,Y,Y,Y
119132023,11913,2023,NH0052800,NH0052800,,N,N,,I,FRANCONIA,FRANCONIA PD,Franconia,,A,34,New Hampshire,NH,NH,1,New England,1,Northeast,Region I,City,1136,23381,NHUCR0001,New Hampshire Department of Public Safety New Hampshire State Police Uniform Crime Reporting Unit,N,11,7,"Cities under 2,500",7,"Cities under 2,500",N,11,,Y,3,0,3,0,0,0,2.6,2.6,2002-01-01,2002-09-01,2002-09-01,2010-07-01,2023-03-01,2023-03-01,N,GRAFTON,Not Specified,Y,Y,Y
119142023,11914,2023,NH0053000,NH0053000,,N,N,,I,GRAFTON,GRAFTON,Grafton,,A,34,New Hampshire,NH,NH,1,New England,1,Northeast,Region I,City,1431,23381,NHUCR0001,New Hampshire Department of Public Safety New Hampshire State Police Uniform Crime Reporting Unit,N,11,7,"Cities under 2,500",7,"Cities under 2,500",N,11,,Y,1,0,1,0,0,0,0.7,0.7,2002-01-01,2019-01-01,2022-06-01,2022-06-01,2023-04-01,2023-04-01,N,GRAFTON,Not Specified,Y,Y,Y
119152023,11915,2023,NH0053400,NH0053400,,N,N,,I,HANOVER,HANOVER PD,Hanover,,A,34,New Hampshire,NH,NH,1,New England,1,Northeast,Region I,City,9682,23381,NHUCR0001,New Hampshire Department of Public Safety New Hampshire State Police Uniform Crime Reporting Unit,N,10,6,"Cities from 2,500 thru 9,999",6,"Cities from 2,500 thru 9,999",N,10,,Y,17,5,22,2,6,8,2.0,3.1,2002-01-01,2003-01-01,2003-01-01,2010-04-01,2023-03-01,2023-03-01,N,GRAFTON,Not Specified,Y,Y,Y
119162023,11916,2023,NH0053600,NH0053600,,N,N,,I,HAVERHILL,HAVERHILL PD WOODSVILLE,Haverhill,,A,34,New Hampshire,NH,NH,1,New England,1,Northeast,Region I,City,4690,23381,NHUCR0001,New Hampshire Department of Public Safety New Hampshire State Police Uniform Crime Reporting Unit,N,10,6,"Cities from 2,500 thru 9,999",6,"Cities from 2,500 thru 9,999",N,10,,Y,6,0,6,2,2,4,1.7,2.1,2002-01-01,2003-11-01,2003-11-01,2010-04-01,2024-03-01,2023-03-01,N,GRAFTON,Not Specified,Y,Y,Y
119172023,11917,2023,NH0053800,NH0053800,,N,N,,I,HOLDERNESS,HOLDERNESS,Holderness,,A,34,New Hampshire,NH,NH,1,New England,1,Northeast,Region I,City,2057,23381,NHUCR0001,New Hampshire Department of Public Safety New Hampshire State Police Uniform Crime Reporting Unit,N,11,7,"Cities under 2,500",7,"Cities under 2,500",N,11,,N,,,,,,,,,2002-01-01,2011-08-01,2011-08-01,2016-02-01,,,N,GRAFTON,Not Specified,Y,Y,Y
119182023,11918,2023,NH0054000,NH0054000,,N,N,,I,HEBRON,HEBRON PD,Hebron,,A,34,New Hampshire,NH,NH,1,New England,1,Northeast,Region I,City,665,23381,NHUCR0001,New Hampshire Department of Public Safety New Hampshire State Police Uniform Crime Reporting Unit,N,11,7,"Cities under 2,500",7,"Cities under 2,500",N,11,,N,,,,,,,,,2002-01-01,2021-01-01,2021-01-01,2021-11-01,2021-11-01,2021-11-01,N,GRAFTON,Not Specified,Y,Y,Y
119192023,11919,2023,NH0054400,NH0054400,,N,N,,I,LEBANON,LEBANON PD,Lebanon,,A,34,New Hampshire,NH,NH,1,New England,1,Northeast,Region I,City,15437,23381,NHUCR0001,New Hampshire Department of Public Safety New Hampshire State Police Uniform Crime Reporting Unit,N,9,5,"Cities from 10,000 thru 24,999",5,"Cities from 10,000 thru 24,999",N,9,,Y,26,4,30,4,8,12,1.9,2.7,2002-01-01,2003-01-01,2003-01-01,2010-04-01,,,N,GRAFTON,Not Specified,Y,Y,Y
119202023,11920,2023,NH0054600,NH0054600,,N,N,,I,LINCOLN,LINCOLN PD,Lincoln,,A,34,New Hampshire,NH,NH,1,New England,1,Northeast,Region I,City,1659,23381,NHUCR0001,New Hampshire Department of Public Safety New Hampshire State Police Uniform Crime Reporting Unit,N,11,7,"Cities under 2,500",7,"Cities under 2,500",N,11,,Y,10,4,14,2,2,4,7.2,10.8,2002-01-01,2003-01-01,2003-01-01,2010-04-01,2023-02-01,2023-02-01,N,GRAFTON,Not Specified,Y,Y,Y
119212023,11921,2023,NH0054800,NH0054800,,N,N,,I,LISBON,LISBON PD,Lisbon,,A,34,New Hampshire,NH,NH,1,New England,1,Northeast,Region I,City,1662,23381,NHUCR0001,New Hampshire Department of Public Safety New Hampshire State Police Uniform Crime Reporting Unit,N,11,7,"Cities under 2,500",7,"Cities under 2,500",N,11,,Y,2,0,2,1,0,1,1.8,1.8,2002-01-01,2003-01-01,2003-01-01,2010-10-01,2023-03-01,2023-03-01,N,GRAFTON,Not Specified,Y,Y,Y
119222023,11922,2023,NH0055000,NH0055000,,N,N,,I,LITTLETON,LITTLETON PD,Littleton,,A,34,New Hampshire,NH,NH,1,New England,1,Northeast,Region I,City,6137,23381,NHUCR0001,New Hampshire Department of Public Safety New Hampshire State Police Uniform Crime Reporting Unit,N,10,6,"Cities from 2,500 thru 9,999",6,"Cities from 2,500 thru 9,999",N,10,,Y,12,1,13,1,2,3,2.1,2.6,2002-01-01,2002-01-01,2002-01-01,2011-03-01,2023-03-01,2023-03-01,N,GRAFTON,Not Specified,Y,Y,Y
119232023,11923,2023,NH0055600,NH0055600,,N,N,,I,LYME,LYME PD,Lyme,,A,34,New Hampshire,NH,NH,1,New England,1,Northeast,Region I,City,1764,23381,NHUCR0001,New Hampshire Department of Public Safety New Hampshire State Police Uniform Crime Reporting Unit,N,11,7,"Cities under 2,500",7,"Cities under 2,500",N,11,,Y,1,0,1,0,0,0,0.6,0.6,2002-01-01,2010-09-01,2010-09-01,2020-09-01,2024-03-01,2023-04-01,N,GRAFTON,Not Specified,Y,Y,Y
119252023,11925,2023,NH0056200,NH0056200,,N,N,,I,ORFORD,ORFORD PD,Orford,,A,34,New Hampshire,NH,NH,1,New England,1,Northeast,Region I,City,1257,23381,NHUCR0001,New Hampshire Department of Public Safety New Hampshire State Police Uniform Crime Reporting Unit,N,11,7,"Cities under 2,500",7,"Cities under 2,500",N,11,,Y,1,0,1,0,0,0,0.8,0.8,2002-01-01,2009-01-01,2009-01-01,2010-04-01,2024-03-01,2023-03-01,N,GRAFTON,Not Specified,Y,Y,Y
119262023,11926,2023,NH0056600,NH0056600,,N,N,,I,PLYMOUTH,PLYMOUTH PD,Plymouth,,A,34,New Hampshire,NH,NH,1,New England,1,Northeast,Region I,City,6283,23381,NHUCR0001,New Hampshire Department of Public Safety New Hampshire State Police Uniform Crime Reporting Unit,N,10,6,"Cities from 2,500 thru 9,999",6,"Cities from 2,500 thru 9,999",N,10,,Y,10,2,12,3,6,9,2.1,3.3,2002-01-01,2003-01-01,2003-01-01,2010-04-01,,,N,GRAFTON,Not Specified,Y,Y,Y
119272023,11927,2023,NH0057000,NH0057000,,N,N,,I,SUGAR HILL,SUGAR HILL PD,Sugar Hill,,A,34,New Hampshire,NH,NH,1,New England,1,Northeast,Region I,City,678,23381,NHUCR0001,New Hampshire Department of Public Safety New Hampshire State Police Uniform Crime Reporting Unit,N,11,7,"Cities under 2,500",7,"Cities under 2,500",N,11,,Y,1,0,1,1,0,1,2.9,2.9,2002-01-01,2003-01-01,2003-01-01,2012-08-01,2023-04-01,2023-04-01,N,GRAFTON,Not Specified,Y,Y,Y
119282023,11928,2023,NH0057200,NH0057200,,N,N,,I,THORNTON,THORNTON PD,Thornton,,A,34,New Hampshire,NH,NH,1,New England,1,Northeast,Region I,City,2861,23381,NHUCR0001,New Hampshire Department of Public Safety New Hampshire State Police Uniform Crime Reporting Unit,N,10,6,"Cities from 2,500 thru 9,999",6,"Cities from 2,500 thru 9,999",N,10,,Y,4,0,4,1,1,2,1.7,2.1,2002-01-01,2003-01-01,2003-01-01,2010-04-01,,,N,GRAFTON,Not Specified,Y,Y,Y
119292023,11929,2023,NH0057400,NH0057400,,N,N,,I,WARREN,WARREN PD,Warren,,A,34,New Hampshire,NH,NH,1,New England,1,Northeast,Region I,City,843,23381,NHUCR0001,New Hampshire Department of Public Safety New Hampshire State Police Uniform Crime Reporting Unit,N,11,7,"Cities under 2,500",7,"Cities under 2,500",N,11,,Y,1,0,1,0,0,0,1.2,1.2,2002-01-01,2021-01-01,2023-03-01,2023-03-01,,2023-03-01,N,GRAFTON,Not Specified,Y,Y,Y
119302023,11930,2023,NH0057600,NH0057600,,N,N,,I,WATERVILLE VALLEY,WATERVILLE VALLEY POLICE DEPARTMENT,Waterville Valley,,A,34,New Hampshire,NH,NH,1,New England,1,Northeast,Region I,City,521,23381,NHUCR0001,New Hampshire Department of Public Safety New Hampshire State Police Uniform Crime Reporting Unit,N,11,7,"Cities under 2,500",7,"Cities under 2,500",N,11,,Y,6,1,7,1,1,2,13.4,17.3,2002-01-01,2003-01-01,2003-01-01,2010-04-01,2022-08-01,2022-08-01,N,GRAFTON,Not Specified,Y,Y,Y
119332023,11933,2023,NH0060000,NH0060000,,N,N,,I,HILLSBOROUGH,SO HILLSBOROUGH COUNTY,Hillsborough ,,A,34,New Hampshire,NH,NH,1,New England,1,Northeast,Region I,County,0,23381,NHUCR0001,New Hampshire Department of Public Safety New Hampshire State Police Uniform Crime Reporting Unit,Y,22,9D,"MSA counties under 10,000",9,MSA Counties,N,22,,Y,19,5,24,3,3,6,0,0,2002-01-01,2021-01-01,2021-05-01,2021-05-01,,,N,HILLSBOROUGH,"Manchester-Nashua, NH",Y,Y,Y
119342023,11934,2023,NH006010X,NH0060100,,N,N,,I,SP: HILLSBOROUGH COUNTY,SP: HILLSBOROUGH COUNTY,State Police:,Hillsborough County,A,34,New Hampshire,NH,NH,1,New England,1,Northeast,Region I,State Police,62,23381,NHUCR0001,New Hampshire Department of Public Safety New Hampshire State Police Uniform Crime Reporting Unit,Y,22,9D,"MSA counties under 10,000",9,MSA Counties,N,22,,N,,,,,,,,,2002-01-01,2003-01-01,2003-01-01,2015-03-01,2022-02-01,2022-02-01,N,HILLSBOROUGH,"Manchester-Nashua, NH",Y,Y,Y
119352023,11935,2023,NH0060200,NH0060200,,N,N,,I,AMHERST,AMHERST PD,Amherst,,A,34,New Hampshire,NH,NH,1,New England,1,Northeast,Region I,City,11971,23381,NHUCR0001,New Hampshire Department of Public Safety New Hampshire State Police Uniform Crime Reporting Unit,Y,9,5,"Cities from 10,000 thru 24,999",5,"Cities from 10,000 thru 24,999",N,9,,Y,12,0,12,3,1,4,1.3,1.3,2002-01-01,2003-01-01,2003-01-01,2010-04-01,,,N,HILLSBOROUGH,"Manchester-Nashua, NH",Y,Y,Y
119362023,11936,2023,NH0060400,NH0060400,,N,N,,I,ANTRIM,ANTRIM PD,Antrim,,A,34,New Hampshire,NH,NH,1,New England,1,Northeast,Region I,City,2701,23381,NHUCR0001,New Hampshire Department of Public Safety New Hampshire State Police Uniform Crime Reporting Unit,Y,10,6,"Cities from 2,500 thru 9,999",6,"Cities from 2,500 thru 9,999",N,10,,Y,6,1,7,0,1,1,2.2,3.0,2002-01-01,2002-03-01,2002-03-01,2010-10-01,,,N,HILLSBOROUGH,"Manchester-Nashua, NH",Y,Y,Y
119372023,11937,2023,NH0060600,NH0060600,,N,N,,I,BEDFORD,BEDFORD PD,Bedford,,A,34,New Hampshire,NH,NH,1,New England,1,Northeast,Region I,City,23868,23381,NHUCR0001,New Hampshire Department of Public Safety New Hampshire State Police Uniform Crime Reporting Unit,Y,9,5,"Cities from 10,000 thru 24,999",5,"Cities from 10,000 thru 24,999",N,9,,Y,30,5,35,5,10,15,1.5,2.1,2002-01-01,2003-01-01,2003-01-01,2010-07-01,2023-03-01,2023-03-01,N,HILLSBOROUGH,"Manchester-Nashua, NH",Y,Y,Y
119382023,11938,2023,NH0060800,NH0060800,,N,N,,I,BENNINGTON,BENNINGTON PD,Bennington,,A,34,New Hampshire,NH,NH,1,New England,1,Northeast,Region I,City,1512,23381,NHUCR0001,New Hampshire Department of Public Safety New Hampshire State Police Uniform Crime Reporting Unit,Y,11,7,"Cities under 2,500",7,"Cities under 2,500",N,11,,Y,2,0,2,0,0,0,1.3,1.3,2002-01-01,2003-01-01,2003-01-01,2010-04-01,,,N,HILLSBOROUGH,"Manchester-Nashua, NH",Y,Y,Y
119392023,11939,2023,NH0061000,NH0061000,,N,N,,I,BROOKLINE,BROOKLINE PD,Brookline,,A,34,New Hampshire,NH,NH,1,New England,1,Northeast,Region I,City,5807,23381,NHUCR0001,New Hampshire Department of Public Safety New Hampshire State Police Uniform Crime Reporting Unit,Y,10,6,"Cities from 2,500 thru 9,999",6,"Cities from 2,500 thru 9,999",N,10,,Y,8,0,8,0,1,1,1.4,1.5,2002-01-01,2015-01-01,2015-01-01,2015-06-01,,,N,HILLSBOROUGH,"Manchester-Nashua, NH",Y,Y,Y
119402023,11940,2023,NH0061200,NH0061200,,N,N,,I,DEERING,DEERING PD,Deering,,A,34,New Hampshire,NH,NH,1,New England,1,Northeast,Region I,City,1932,23381,NHUCR0001,New Hampshire Department of Public Safety New Hampshire State Police Uniform Crime Reporting Unit,Y,11,7,"Cities under 2,500",7,"Cities under 2,500",N,11,,Y,2,0,2,0,0,0,1.0,1.0,2002-01-01,2003-01-01,2003-01-01,2010-07-01,2022-03-01,2019-03-01,N,HILLSBOROUGH,"Manchester-Nashua, NH",Y,Y,Y
119412023,11941,2023,NH0061400,NH0061400,,N,N,,I,FRANCESTOWN,FRANCESTOWN PD,Francestown,,A,34,New Hampshire,NH,NH,1,New England,1,Northeast,Region I,City,1657,23381,NHUCR0001,New Hampshire Department of Public Safety New Hampshire State Police Uniform Crime Reporting Unit,Y,11,7,"Cities under 2,500",7,"Cities under 2,500",N,11,,Y,0,0,0,1,0,1,0.6,0.6,2002-01-01,2021-01-01,2021-04-01,2021-04-01,2021-04-01,2021-04-01,N,HILLSBOROUGH,"Manchester-Nashua, NH",Y,Y,Y
119422023,11942,2023,NH0061600,NH0061600,,N,N,,I,GOFFSTOWN,GOFFSTOWN PD,Goffstown,,A,34,New Hampshire,NH,NH,1,New England,1,Northeast,Region I,City,18546,23381,NHUCR0001,New Hampshire Department of Public Safety New Hampshire State Police Uniform Crime Reporting Unit,Y,9,5,"Cities from 10,000 thru 24,999",5,"Cities from 10,000 thru 24,999",N,9,,Y,22,3,25,5,10,15,1.5,2.2,2002-01-01,2004-01-01,2004-01-01,2010-04-01,,,N,HILLSBOROUGH,"Manchester-Nashua, NH",Y,Y,Y
119442023,11944,2023,NH0062000,NH0062000,,N,N,,I,GREENVILLE,GREENVILLE,Greenville,,A,34,New Hampshire,NH,NH,1,New England,1,Northeast,Region I,City,2022,23381,NHUCR0001,New Hampshire Department of Public Safety New Hampshire State Police Uniform Crime Reporting Unit,Y,11,7,"Cities under 2,500",7,"Cities under 2,500",N,11,,Y,4,0,4,0,0,0,2.0,2.0,2002-01-01,2021-01-01,2021-04-01,2021-04-01,2021-04-01,2021-04-01,N,HILLSBOROUGH,"Manchester-Nashua, NH",Y,Y,Y
119452023,11945,2023,NH0062200,NH0062200,,N,N,,I,HANCOCK,HANCOCK PD,Hancock,,A,34,New Hampshire,NH,NH,1,New England,1,Northeast,Region I,City,1758,23381,NHUCR0001,New Hampshire Department of Public Safety New Hampshire State Police Uniform Crime Reporting Unit,Y,11,7,"Cities under 2,500",7,"Cities under 2,500",N,11,,Y,3,0,3,0,0,0,1.7,1.7,2002-01-01,2003-01-01,2003-01-01,2010-07-01,,,N,HILLSBOROUGH,"Manchester-Nashua, NH",Y,Y,Y
119462023,11946,2023,NH0062400,NH0062400,,N,N,,I,HILLSBOROUGH,HILLSBOROUGH PD,Hillsborough,,A,34,New Hampshire,NH,NH,1,New England,1,Northeast,Region I,City,5998,23381,NHUCR0001,New Hampshire Department of Public Safety New Hampshire State Police Uniform Crime Reporting Unit,Y,10,6,"Cities from 2,500 thru 9,999",6,"Cities from 2,500 thru 9,999",N,10,,Y,12,2,14,2,8,10,2.3,4.0,2002-01-01,2003-01-01,2003-01-01,2010-10-01,,,N,HILLSBOROUGH,"Manchester-Nashua, NH",Y,Y,Y
119472023,11947,2023,NH0062600,NH0062600,,N,N,,I,HOLLIS,HOLLIS,Hollis,,A,34,New Hampshire,NH,NH,1,New England,1,Northeast,Region I,City,8865,23381,NHUCR0001,New Hampshire Department of Public Safety New Hampshire State Police Uniform Crime Reporting Unit,Y,10,6,"Cities from 2,500 thru 9,999",6,"Cities from 2,500 thru 9,999",N,10,,Y,13,1,14,3,2,5,1.8,2.1,2002-01-01,2015-01-01,2015-01-01,2015-06-01,,,N,HILLSBOROUGH,"Manchester-Nashua, NH",Y,Y,Y
119482023,11948,2023,NH0062800,NH0062800,,N,N,,I,HUDSON,HUDSON PD,Hudson,,A,34,New Hampshire,NH,NH,1,New England,1,Northeast,Region I,City,25669,23381,NHUCR0001,New Hampshire Department of Public Safety New Hampshire State Police Uniform Crime Reporting Unit,Y,8,4,"Cities from 25,000 thru 49,999",4,"Cities from 25,000 thru 49,999",N,8,,Y,43,3,46,5,13,18,1.9,2.5,2002-01-01,2003-01-01,2003-01-01,2010-04-01,,,N,HILLSBOROUGH,"Manchester-Nashua, NH",Y,Y,Y
119492023,11949,2023,NH0063000,NH0063000,,N,N,,I,LITCHFIELD,LITCHFIELD PD,Litchfield,,A,34,New Hampshire,NH,NH,1,New England,1,Northeast,Region I,City,8537,23381,NHUCR0001,New Hampshire Department of Public Safety New Hampshire State Police Uniform Crime Reporting Unit,Y,10,6,"Cities from 2,500 thru 9,999",6,"Cities from 2,500 thru 9,999",N,10,,Y,11,1,12,1,1,2,1.4,1.6,2002-01-01,2003-01-01,2003-01-01,2010-10-01,,,N,HILLSBOROUGH,"Manchester-Nashua, NH",Y,Y,Y
119502023,11950,2023,NH0063200,NH0063200,,N,N,,I,LYNDEBOROUGH,LYNDEBOROUGH PD,Lyndeborough,,A,34,New Hampshire,NH,NH,1,New England,1,Northeast,Region I,City,1710,23381,NHUCR0001,New Hampshire Department of Public Safety New Hampshire State Police Uniform Crime Reporting Unit,Y,11,7,"Cities under 2,500",7,"Cities under 2,500",N,11,,Y,1,0,1,0,0,0,0.6,0.6,2002-01-01,2013-01-01,2013-01-01,2014-08-01,,,N,HILLSBOROUGH,"Manchester-Nashua, NH",Y,Y,Y
119512023,11951,2023,NH0063400,NH0063400,,N,N,,I,MANCHESTER,MANCHESTER PD,Manchester,,A,34,New Hampshire,NH,NH,1,New England,1,Northeast,Region I,City,114963,23381,NHUCR0001,New Hampshire Department of Public Safety New Hampshire State Police Uniform Crime Reporting Unit,N,6,2,"Cities from 100,000 thru 249,999",2,"Cities from 100,000 thru 249,999",Y,6,,Y,216,21,237,32,33,65,2.2,2.6,2002-01-01,2008-01-01,2008-01-01,2010-04-01,2021-02-01,2021-02-01,N,HILLSBOROUGH,"Manchester-Nashua, NH",Y,Y,Y
119522023,11952,2023,NH0063800,NH0063800,,N,N,,I,MASON,MASON PD,Mason,,A,34,New Hampshire,NH,NH,1,New England,1,Northeast,Region I,City,1459,23381,NHUCR0001,New Hampshire Department of Public Safety New Hampshire State Police Uniform Crime Reporting Unit,Y,11,7,"Cities under 2,500",7,"Cities under 2,500",N,11,,Y,2,0,2,0,0,0,1.4,1.4,2002-01-01,2015-01-01,2015-01-01,2019-03-01,,,N,HILLSBOROUGH,"Manchester-Nashua, NH",Y,Y,Y
119532023,11953,2023,NH0064000,NH0064000,,N,N,,I,MERRIMACK,MERRIMACK PD,Merrimack,,A,34,New Hampshire,NH,NH,1,New England,1,Northeast,Region I,City,29515,23381,NHUCR0001,New Hampshire Department of Public Safety New Hampshire State Police Uniform Crime Reporting Unit,Y,8,4,"Cities from 25,000 thru 49,999",4,"Cities from 25,000 thru 49,999",N,8,,Y,37,5,42,3,8,11,1.4,1.8,2002-01-01,2003-01-01,2003-01-01,2010-04-01,2023-04-01,2023-04-01,N,HILLSBOROUGH,"Manchester-Nashua, NH",Y,Y,Y
119542023,11954,2023,NH0064200,NH0064200,,N,N,,I,MILFORD,MILFORD PD,Milford,,A,34,New Hampshire,NH,NH,1,New England,1,Northeast,Region I,City,16501,23381,NHUCR0001,New Hampshire Department of Public Safety New Hampshire State Police Uniform Crime Reporting Unit,Y,9,5,"Cities from 10,000 thru 24,999",5,"Cities from 10,000 thru 24,999",N,9,,Y,25,0,25,0,5,5,1.5,1.8,2002-01-01,2003-01-01,2003-01-01,2010-04-01,,,N,HILLSBOROUGH,"Manchester-Nashua, NH",Y,Y,Y
119552023,11955,2023,NH0064400,NH0064400,,N,N,,I,MONT VERNON,MONT VERNON PD,Mont Vernon,,A,34,New Hampshire,NH,NH,1,New England,1,Northeast,Region I,City,2671,23381,NHUCR0001,New Hampshire Department of Public Safety New Hampshire State Police Uniform Crime Reporting Unit,Y,10,6,"Cities from 2,500 thru 9,999",6,"Cities from 2,500 thru 9,999",N,10,,Y,4,0,4,0,0,0,1.5,1.5,2002-01-01,2003-01-01,2003-01-01,2010-04-01,,,N,HILLSBOROUGH,"Manchester-Nashua, NH",Y,Y,Y
119562023,11956,2023,NH0064600,NH0064600,,N,N,,I,NASHUA,NASHUA PD,Nashua,,A,34,New Hampshire,NH,NH,1,New England,1,Northeast,Region I,City,91145,23381,NHUCR0001,New Hampshire Department of Public Safety New Hampshire State Police Uniform Crime Reporting Unit,N,7,3,"Cities from 50,000 thru 99,999",3,"Cities from 50,000 thru 99,999",N,7,,Y,151,19,170,17,39,56,1.8,2.5,2002-01-01,2005-01-01,2005-01-01,2010-04-01,,,N,HILLSBOROUGH,"Manchester-Nashua, NH",Y,Y,Y
119572023,11957,2023,NH0064800,NH0064800,,N,N,,I,NEW BOSTON,NEW BOSTON PD,New Boston,,A,34,New Hampshire,NH,NH,1,New England,1,Northeast,Region I,City,6190,23381,NHUCR0001,New Hampshire Department of Public Safety New Hampshire State Police Uniform Crime Reporting Unit,Y,10,6,"Cities from 2,500 thru 9,999",6,"Cities from 2,500 thru 9,999",N,10,,Y,10,0,10,0,1,1,1.6,1.8,2002-01-01,2002-03-01,2002-03-01,2010-05-01,,,N,HILLSBOROUGH,"Manchester-Nashua, NH",Y,Y,Y
119582023,11958,2023,NH0065000,NH0065000,,N,N,,I,NEW IPSWICH,NEW IPSWICH PD,New Ipswich,,A,34,New Hampshire,NH,NH,1,New England,1,Northeast,Region I,City,5399,23381,NHUCR0001,New Hampshire Department of Public Safety New Hampshire State Police Uniform Crime Reporting Unit,Y,10,6,"Cities from 2,500 thru 9,999",6,"Cities from 2,500 thru 9,999",N,10,,Y,4,0,4,0,1,1,0.7,0.9,2002-01-01,2003-01-01,2003-01-01,2010-05-01,2020-09-01,2019-03-01,N,HILLSBOROUGH,"Manchester-Nashua, NH",Y,Y,Y
119592023,11959,2023,NH0065200,NH0065200,,N,N,,I,PELHAM,PELHAM PD,Pelham,,A,34,New Hampshire,NH,NH,1,New England,1,Northeast,Region I,City,14598,23381,NHUCR0001,New Hampshire Department of Public Safety New Hampshire State Police Uniform Crime Reporting Unit,Y,9,5,"Cities from 10,000 thru 24,999",5,"Cities from 10,000 thru 24,999",N,9,,Y,22,1,23,3,7,10,1.7,2.3,2002-01-01,2003-01-01,2003-01-01,2010-04-01,,,N,HILLSBOROUGH,"Manchester-Nashua, NH",Y,Y,Y
119602023,11960,2023,NH0065400,NH0065400,,N,N,,I,PETERBOROUGH,PETERBOROUGH PD,Peterborough,,A,34,New Hampshire,NH,NH,1,New England,1,Northeast,Region I,City,6538,23381,NHUCR0001,New Hampshire Department of Public Safety New Hampshire State Police Uniform Crime Reporting Unit,Y,10,6,"Cities from 2,500 thru 9,999",6,"Cities from 2,500 thru 9,999",N,10,,Y,12,1,13,1,1,2,2.0,2.3,2002-01-01,2003-01-01,2003-01-01,2010-10-01,,,N,HILLSBOROUGH,"Manchester-Nashua, NH",Y,Y,Y
119632023,11963,2023,NH0066000,NH0066000,,N,N,,I,WEARE,WEARE PD,Weare,,A,34,New Hampshire,NH,NH,1,New England,1,Northeast,Region I,City,9258,23381,NHUCR0001,New Hampshire Department of Public Safety New Hampshire State Police Uniform Crime Reporting Unit,Y,10,6,"Cities from 2,500 thru 9,999",6,"Cities from 2,500 thru 9,999",N,10,,Y,11,0,11,0,1,1,1.2,1.3,2002-01-01,2002-01-01,2002-01-01,2010-04-01,,,N,HILLSBOROUGH,"Manchester-Nashua, NH",Y,Y,Y
119642023,11964,2023,NH0066200,NH0066200,,N,N,,I,WILTON,WILTON PD,Wilton,,A,34,New Hampshire,NH,NH,1,New England,1,Northeast,Region I,City,3998,23381,NHUCR0001,New Hampshire Department of Public Safety New Hampshire State Police Uniform Crime Reporting Unit,Y,10,6,"Cities from 2,500 thru 9,999",6,"Cities from 2,500 thru 9,999",N,10,,Y,5,0,5,2,1,3,1.8,2.0,2002-01-01,2004-05-01,2004-05-01,2011-03-01,,,N,HILLSBOROUGH,"Manchester-Nashua, NH",Y,Y,Y
119672023,11967,2023,NH0070000,NH0070000,,N,N,,I,MERRIMACK,SO MERRIMACK COUNTY CONCORD,Merrimack,,A,34,New Hampshire,NH,NH,1,New England,1,Northeast,Region I,County,0,23381,NHUCR0001,New Hampshire Department of Public Safety New Hampshire State Police Uniform Crime Reporting Unit,N,16,8D,"Non-MSA counties under 10,000",8,Non-MSA Counties,N,16,,Y,14,23,37,2,13,15,0,0,2002-01-01,2003-01-01,2003-01-01,2010-04-01,,,N,MERRIMACK,Not Specified,Y,Y,Y
119682023,11968,2023,NH007010X,NH0070100,,N,N,,I,SP: MERRIMACK COUNTY,SP: MERRIMACK COUNTY,State Police:,Merrimack County,A,34,New Hampshire,NH,NH,1,New England,1,Northeast,Region I,State Police,1322,23381,NHUCR0001,New Hampshire Department of Public Safety New Hampshire State Police Uniform Crime Reporting Unit,N,16,8D,"Non-MSA counties under 10,000",8,Non-MSA Counties,N,16,,N,,,,,,,,,2002-01-01,2003-01-01,2003-01-01,2015-03-01,2022-02-01,2022-02-01,N,MERRIMACK,Not Specified,Y,Y,Y
119692023,11969,2023,NH0070200,NH0070200,,N,N,,I,ALLENSTOWN,ALLENSTOWN,Allenstown,,A,34,New Hampshire,NH,NH,1,New England,1,Northeast,Region I,City,4787,23381,NHUCR0001,New Hampshire Department of Public Safety New Hampshire State Police Uniform Crime Reporting Unit,N,10,6,"Cities from 2,500 thru 9,999",6,"Cities from 2,500 thru 9,999",N,10,,Y,9,0,9,2,2,4,2.3,2.7,2002-01-01,2017-01-01,2017-01-01,2018-11-01,,,N,MERRIMACK,Not Specified,Y,Y,Y
119702023,11970,2023,NH0070400,NH0070400,,N,N,,I,ANDOVER,ANDOVER PD,Andover,,A,34,New Hampshire,NH,NH,1,New England,1,Northeast,Region I,City,2442,23381,NHUCR0001,New Hampshire Department of Public Safety New Hampshire State Police Uniform Crime Reporting Unit,N,11,7,"Cities under 2,500",7,"Cities under 2,500",N,11,,Y,2,0,2,0,0,0,0.8,0.8,2002-01-01,2003-02-01,2021-04-01,2021-04-01,2021-04-01,2021-04-01,N,MERRIMACK,Not Specified,Y,Y,Y
119722023,11972,2023,NH0070800,NH0070800,,N,N,,I,BOW,BOW PD,Bow,,A,34,New Hampshire,NH,NH,1,New England,1,Northeast,Region I,City,8457,23381,NHUCR0001,New Hampshire Department of Public Safety New Hampshire State Police Uniform Crime Reporting Unit,N,10,6,"Cities from 2,500 thru 9,999",6,"Cities from 2,500 thru 9,999",N,10,,Y,10,0,10,2,1,3,1.4,1.5,2002-01-01,2003-09-01,2003-09-01,2010-04-01,,,N,MERRIMACK,Not Specified,Y,Y,Y
119732023,11973,2023,NH0071000,NH0071000,,N,N,,I,BRADFORD,BRADFORD PD,Bradford,,A,34,New Hampshire,NH,NH,1,New England,1,Northeast,Region I,City,1732,23381,NHUCR0001,New Hampshire Department of Public Safety New Hampshire State Police Uniform Crime Reporting Unit,N,11,7,"Cities under 2,500",7,"Cities under 2,500",N,11,,Y,4,0,4,0,0,0,2.3,2.3,2002-01-01,2007-01-01,2007-01-01,2010-07-01,2020-11-01,2019-03-01,N,MERRIMACK,Not Specified,Y,Y,Y
119742023,11974,2023,NH0071200,NH0071200,,N,N,,I,CANTERBURY,CANTERBURY PD,Canterbury,,A,34,New Hampshire,NH,NH,1,New England,1,Northeast,Region I,City,2491,23381,NHUCR0001,New Hampshire Department of Public Safety New Hampshire State Police Uniform Crime Reporting Unit,N,11,7,"Cities under 2,500",7,"Cities under 2,500",N,11,,Y,2,0,2,0,0,0,0.8,0.8,2002-01-01,2003-03-01,2003-03-01,2010-07-01,,2019-03-01,N,MERRIMACK,Not Specified,Y,Y,Y
119752023,11975,2023,NH0071400,NH0071400,,N,N,,I,CHICHESTER,CHICHESTER PD,Chichester,,A,34,New Hampshire,NH,NH,1,New England,1,Northeast,Region I,City,2809,23381,NHUCR0001,New Hampshire Department of Public Safety New Hampshire State Police Uniform Crime Reporting Unit,N,10,6,"Cities from 2,500 thru 9,999",6,"Cities from 2,500 thru 9,999",N,10,,Y,4,0,4,1,0,1,1.8,1.8,2002-01-01,2003-01-01,2003-01-01,2018-09-01,,,N,MERRIMACK,Not Specified,Y,Y,Y
119762023,11976,2023,NH0071600,NH0071600,,N,N,,I,CONCORD,CONCORD PD,Concord,,A,34,New Hampshire,NH,NH,1,New England,1,Northeast,Region I,City,44735,23381,NHUCR0001,New Hampshire Department of Public Safety New Hampshire State Police Uniform Crime Reporting Unit,N,8,4,"Cities from 25,000 thru 49,999",4,"Cities from 25,000 thru 49,999",N,8,,Y,62,4,66,13,14,27,1.7,2.1,2002-01-01,2002-01-01,2002-01-01,2010-04-01,,,N,MERRIMACK,Not Specified,Y,Y,Y
119772023,11977,2023,NH0071800,NH0071800,,N,N,,I,DANBURY,DANBURY PD,Danbury,,A,34,New Hampshire,NH,NH,1,New England,1,Northeast,Region I,City,1297,23381,NHUCR0001,New Hampshire Department of Public Safety New Hampshire State Police Uniform Crime Reporting Unit,N,11,7,"Cities under 2,500",7,"Cities under 2,500",N,11,,N,0,0,0,0,0,0,0.0,0.0,2002-01-01,2020-01-01,2021-04-01,2021-04-01,2021-04-01,2021-04-01,N,MERRIMACK,Not Specified,Y,Y,Y
119782023,11978,2023,NH0072000,NH0072000,,N,N,,I,DUNBARTON,DUNBARTON PD,Dunbarton,,A,34,New Hampshire,NH,NH,1,New England,1,Northeast,Region I,City,3122,23381,NHUCR0001,New Hampshire Department of Public Safety New Hampshire State Police Uniform Crime Reporting Unit,N,10,6,"Cities from 2,500 thru 9,999",6,"Cities from 2,500 thru 9,999",N,10,,Y,5,0,5,0,0,0,1.6,1.6,2002-01-01,2003-07-01,2003-07-01,2010-07-01,,,N,MERRIMACK,Not Specified,Y,Y,Y
119792023,11979,2023,NH0072200,NH0072200,,N,N,,I,EPSOM,EPSOM PD,Epsom,,A,34,New Hampshire,NH,NH,1,New England,1,Northeast,Region I,City,4993,23381,NHUCR0001,New Hampshire Department of Public Safety New Hampshire State Police Uniform Crime Reporting Unit,N,10,6,"Cities from 2,500 thru 9,999",6,"Cities from 2,500 thru 9,999",N,10,,Y,5,0,5,0,1,1,1.0,1.2,2002-01-01,2003-01-01,2003-01-01,2010-04-01,,,N,MERRIMACK,Not Specified,Y,Y,Y
119802023,11980,2023,NH0072400,NH0072400,,N,N,,I,FRANKLIN,FRANKLIN PD,Franklin,,A,34,New Hampshire,NH,NH,1,New England,1,Northeast,Region I,City,8875,23381,NHUCR0001,New Hampshire Department of Public Safety New Hampshire State Police Uniform Crime Reporting Unit,N,10,6,"Cities from 2,500 thru 9,999",6,"Cities from 2,500 thru 9,999",N,10,,Y,12,1,13,1,7,8,1.5,2.4,2002-01-01,2007-07-01,2007-07-01,2016-10-01,,,N,MERRIMACK,Not Specified,Y,Y,Y
119812023,11981,2023,NH0072600,NH0072600,,N,N,,I,HENNIKER,HENNIKER PD,Henniker,,A,34,New Hampshire,NH,NH,1,New England,1,Northeast,Region I,City,6187,23381,NHUCR0001,New Hampshire Department of Public Safety New Hampshire State Police Uniform Crime Reporting Unit,N,10,6,"Cities from 2,500 thru 9,999",6,"Cities from 2,500 thru 9,999",N,10,,Y,6,1,7,3,0,3,1.5,1.6,2002-01-01,2003-01-01,2003-01-01,2010-04-01,,,N,MERRIMACK,Not Specified,Y,Y,Y
119832023,11983,2023,NH0073000,NH0073000,,N,N,,I,HOOKSETT,HOOKSETT PD,Hooksett,,A,34,New Hampshire,NH,NH,1,New England,1,Northeast,Region I,City,14657,23381,NHUCR0001,New Hampshire Department of Public Safety New Hampshire State Police Uniform Crime Reporting Unit,N,9,5,"Cities from 10,000 thru 24,999",5,"Cities from 10,000 thru 24,999",N,9,,Y,24,3,27,3,8,11,1.8,2.6,2002-01-01,2003-01-01,2003-01-01,2010-07-01,,,N,MERRIMACK,Not Specified,Y,Y,Y
119842023,11984,2023,NH0073200,NH0073200,,N,N,,I,HOPKINTON,HOPKINTON PD,Hopkinton,,A,34,New Hampshire,NH,NH,1,New England,1,Northeast,Region I,City,6085,23381,NHUCR0001,New Hampshire Department of Public Safety New Hampshire State Police Uniform Crime Reporting Unit,N,10,6,"Cities from 2,500 thru 9,999",6,"Cities from 2,500 thru 9,999",N,10,,Y,6,0,6,0,1,1,1.0,1.2,2002-01-01,2003-01-01,2003-01-01,2010-04-01,,,N,MERRIMACK,Not Specified,Y,Y,Y
119852023,11985,2023,NH0073400,NH0073400,,N,N,,I,LOUDON,LOUDON PD,Loudon,,A,34,New Hampshire,NH,NH,1,New England,1,Northeast,Region I,City,5767,23381,NHUCR0001,New Hampshire Department of Public Safety New Hampshire State Police Uniform Crime Reporting Unit,N,10,6,"Cities from 2,500 thru 9,999",6,"Cities from 2,500 thru 9,999",N,10,,Y,6,0,6,0,1,1,1.0,1.2,2002-01-01,2003-01-01,2003-01-01,2010-04-01,,,N,MERRIMACK,Not Specified,Y,Y,Y
119862023,11986,2023,NH0073600,NH0073600,,N,N,,I,NEWBURY,NEWBURY PD,Newbury,,A,34,New Hampshire,NH,NH,1,New England,1,Northeast,Region I,City,2275,23381,NHUCR0001,New Hampshire Department of Public Safety New Hampshire State Police Uniform Crime Reporting Unit,N,11,7,"Cities under 2,500",7,"Cities under 2,500",N,11,,Y,5,0,5,0,1,1,2.2,2.6,2002-01-01,2006-06-01,2006-06-01,2010-04-01,2021-05-01,2019-07-01,N,MERRIMACK,Not Specified,Y,Y,Y
119872023,11987,2023,NH0073800,NH0073800,,N,N,,I,NEW LONDON,NEW LONDON PD,New London,,A,34,New Hampshire,NH,NH,1,New England,1,Northeast,Region I,City,4424,23381,NHUCR0001,New Hampshire Department of Public Safety New Hampshire State Police Uniform Crime Reporting Unit,N,10,6,"Cities from 2,500 thru 9,999",6,"Cities from 2,500 thru 9,999",N,10,,Y,7,2,9,2,4,6,2.0,3.4,2002-01-01,2006-01-01,2006-01-01,2010-07-01,2020-08-01,2019-03-01,N,MERRIMACK,Not Specified,Y,Y,Y
119882023,11988,2023,NH0074000,NH0074000,,N,N,,I,NORTHFIELD,NORTHFIELD PD,Northfield,,A,34,New Hampshire,NH,NH,1,New England,1,Northeast,Region I,City,5031,23381,NHUCR0001,New Hampshire Department of Public Safety New Hampshire State Police Uniform Crime Reporting Unit,N,10,6,"Cities from 2,500 thru 9,999",6,"Cities from 2,500 thru 9,999",N,10,,Y,3,0,3,2,0,2,1.0,1.0,2002-01-01,2003-01-01,2003-01-01,2010-07-01,,,N,MERRIMACK,Not Specified,Y,Y,Y
119892023,11989,2023,NH0074200,NH0074200,,N,N,,I,PEMBROKE,PEMBROKE PD,Pembroke,,A,34,New Hampshire,NH,NH,1,New England,1,Northeast,Region I,City,7622,23381,NHUCR0001,New Hampshire Department of Public Safety New Hampshire State Police Uniform Crime Reporting Unit,N,10,6,"Cities from 2,500 thru 9,999",6,"Cities from 2,500 thru 9,999",N,10,,Y,8,0,8,2,2,4,1.3,1.6,2002-01-01,2004-01-01,2004-01-01,2010-04-01,,,N,MERRIMACK,Not Specified,Y,Y,Y
119902023,11990,2023,NH0074400,NH0074400,,N,N,,I,PITTSFIELD,PITTSFIELD PD,Pittsfield,,A,34,New Hampshire,NH,NH,1,New England,1,Northeast,Region I,City,4160,23381,NHUCR0001,New Hampshire Department of Public Safety New Hampshire State Police Uniform Crime Reporting Unit,N,10,6,"Cities from 2,500 thru 9,999",6,"Cities from 2,500 thru 9,999",N,10,,Y,7,0,7,0,0,0,1.7,1.7,2002-01-01,2002-08-01,2002-08-01,2011-03-01,,,N,MERRIMACK,Not Specified,Y,Y,Y
119922023,11992,2023,NH0074800,NH0074800,,N,N,,I,SUTTON,SUTTON PD,Sutton,,A,34,New Hampshire,NH,NH,1,New England,1,Northeast,Region I,City,2060,23381,NHUCR0001,New Hampshire Department of Public Safety New Hampshire State Police Uniform Crime Reporting Unit,N,11,7,"Cities under 2,500",7,"Cities under 2,500",N,11,,Y,2,0,2,1,1,2,1.5,1.9,2002-01-01,2021-01-01,2021-04-01,2021-04-01,2021-04-01,2021-04-01,N,MERRIMACK,Not Specified,Y,Y,Y
119932023,11993,2023,NH0075000,NH0075000,,N,N,,I,WARNER,WARNER PD,Warner,,A,34,New Hampshire,NH,NH,1,New England,1,Northeast,Region I,City,2968,23381,NHUCR0001,New Hampshire Department of Public Safety New Hampshire State Police Uniform Crime Reporting Unit,N,10,6,"Cities from 2,500 thru 9,999",6,"Cities from 2,500 thru 9,999",N,10,,Y,2,0,2,0,1,1,0.7,1.0,2002-01-01,2003-01-01,2003-01-01,2010-10-01,,,N,MERRIMACK,Not Specified,Y,Y,Y
119942023,11994,2023,NH0075200,NH0075200,,N,N,,I,WEBSTER,WEBSTER PD,Webster,,A,34,New Hampshire,NH,NH,1,New England,1,Northeast,Region I,City,1982,23381,NHUCR0001,New Hampshire Department of Public Safety New Hampshire State Police Uniform Crime Reporting Unit,N,11,7,"Cities under 2,500",7,"Cities under 2,500",N,11,,Y,1,0,1,0,0,0,0.5,0.5,2002-01-01,2003-01-01,2003-01-01,2010-04-01,,,N,MERRIMACK,Not Specified,Y,Y,Y
119952023,11995,2023,NH0075800,NH0075800,,N,N,,I,LIQUOR COMMISSION,ST OF NH LIQUOR COMMISSION ENFORCE DIV CONCORD,Liquor Commission,,A,34,New Hampshire,NH,NH,1,New England,1,Northeast,Region I,Other State Agency,0,23381,NHUCR0001,New Hampshire Department of Public Safety New Hampshire State Police Uniform Crime Reporting Unit,N,16,8D,"Non-MSA counties under 10,000",8,Non-MSA Counties,N,16,,Y,14,3,17,3,1,4,0,0,2002-01-01,2003-01-01,2003-01-01,2010-04-01,,,N,MERRIMACK,Not Specified,Y,Y,Y
119972023,11997,2023,NH0080000,NH0080000,,N,N,,I,ROCKINGHAM,SO ROCKINGHAM COUNTY BRENTWOOD,Rockingham,,A,34,New Hampshire,NH,NH,1,New England,1,Northeast,Region I,County,0,23381,NHUCR0001,New Hampshire Department of Public Safety New Hampshire State Police Uniform Crime Reporting Unit,Y,22,9D,"MSA counties under 10,000",9,MSA Counties,N,22,,Y,22,8,30,4,12,16,0,0,2002-01-01,2004-01-01,2004-01-01,2010-04-01,,,N,ROCKINGHAM,"Boston-Cambridge-Newton, MA-NH",Y,Y,Y
119982023,11998,2023,NH008010X,NH0080100,,N,N,,I,SP: ROCKINGHAM COUNTY,SP: ROCKINGHAM COUNTY,State Police:,Rockingham County,A,34,New Hampshire,NH,NH,1,New England,1,Northeast,Region I,State Police,0,23381,NHUCR0001,New Hampshire Department of Public Safety New Hampshire State Police Uniform Crime Reporting Unit,Y,22,9D,"MSA counties under 10,000",9,MSA Counties,N,22,,N,,,,,,,0,0,2002-01-01,2003-01-01,2003-01-01,2015-03-01,2022-02-01,2022-02-01,N,ROCKINGHAM,"Boston-Cambridge-Newton, MA-NH",Y,Y,Y
119992023,11999,2023,NH0080200,NH0080200,,N,N,,I,ATKINSON,ATKINSON,Atkinson,,A,34,New Hampshire,NH,NH,1,New England,1,Northeast,Region I,City,7427,23381,NHUCR0001,New Hampshire Department of Public Safety New Hampshire State Police Uniform Crime Reporting Unit,Y,10,6,"Cities from 2,500 thru 9,999",6,"Cities from 2,500 thru 9,999",N,10,,Y,9,0,9,0,1,1,1.2,1.3,2002-01-01,2012-01-01,2012-01-01,2013-02-01,2021-03-01,2018-11-01,N,ROCKINGHAM,"Boston-Cambridge-Newton, MA-NH",Y,Y,Y
120002023,12000,2023,NH0080400,NH0080400,,N,N,,I,AUBURN,AUBURN PD,Auburn,,A,34,New Hampshire,NH,NH,1,New England,1,Northeast,Region I,City,6194,23381,NHUCR0001,New Hampshire Department of Public Safety New Hampshire State Police Uniform Crime Reporting Unit,Y,10,6,"Cities from 2,500 thru 9,999",6,"Cities from 2,500 thru 9,999",N,10,,Y,10,0,10,0,2,2,1.6,1.9,2002-01-01,2002-02-01,2002-02-01,2010-07-01,,,N,ROCKINGHAM,"Boston-Cambridge-Newton, MA-NH",Y,Y,Y
120012023,12001,2023,NH0080600,NH0080600,,N,N,,I,BRENTWOOD,BRENTWOOD PD,Brentwood,,A,34,New Hampshire,NH,NH,1,New England,1,Northeast,Region I,City,4657,23381,NHUCR0001,New Hampshire Department of Public Safety New Hampshire State Police Uniform Crime Reporting Unit,Y,10,6,"Cities from 2,500 thru 9,999",6,"Cities from 2,500 thru 9,999",N,10,,Y,10,0,10,0,1,1,2.1,2.4,2002-01-01,2003-01-01,2003-01-01,2010-04-01,,,N,ROCKINGHAM,"Boston-Cambridge-Newton, MA-NH",Y,Y,Y
120022023,12002,2023,NH0080800,NH0080800,,N,N,,I,CANDIA,CANDIA PD,Candia,,A,34,New Hampshire,NH,NH,1,New England,1,Northeast,Region I,City,4210,23381,NHUCR0001,New Hampshire Department of Public Safety New Hampshire State Police Uniform Crime Reporting Unit,Y,10,6,"Cities from 2,500 thru 9,999",6,"Cities from 2,500 thru 9,999",N,10,,Y,5,0,5,0,1,1,1.2,1.4,2002-01-01,2003-01-01,2003-01-01,2010-04-01,,,N,ROCKINGHAM,"Boston-Cambridge-Newton, MA-NH",Y,Y,Y
120032023,12003,2023,NH0081000,NH0081000,,N,N,,I,CHESTER,CHESTER PD,Chester,,A,34,New Hampshire,NH,NH,1,New England,1,Northeast,Region I,City,5345,23381,NHUCR0001,New Hampshire Department of Public Safety New Hampshire State Police Uniform Crime Reporting Unit,Y,10,6,"Cities from 2,500 thru 9,999",6,"Cities from 2,500 thru 9,999",N,10,,Y,8,0,8,0,1,1,1.5,1.7,2002-01-01,2003-01-01,2003-01-01,2011-03-01,,,N,ROCKINGHAM,"Boston-Cambridge-Newton, MA-NH",Y,Y,Y
120042023,12004,2023,NH0081200,NH0081200,,N,N,,I,DANVILLE,DANVILLE PD,Danville,,A,34,New Hampshire,NH,NH,1,New England,1,Northeast,Region I,City,4577,23381,NHUCR0001,New Hampshire Department of Public Safety New Hampshire State Police Uniform Crime Reporting Unit,Y,10,6,"Cities from 2,500 thru 9,999",6,"Cities from 2,500 thru 9,999",N,10,,Y,5,0,5,1,0,1,1.3,1.3,2002-01-01,2003-01-01,2003-01-01,2010-07-01,,,N,ROCKINGHAM,"Boston-Cambridge-Newton, MA-NH",Y,Y,Y
120052023,12005,2023,NH0081400,NH0081400,,N,N,,I,DEERFIELD,DEERFIELD PD,Deerfield,,A,34,New Hampshire,NH,NH,1,New England,1,Northeast,Region I,City,4999,23381,NHUCR0001,New Hampshire Department of Public Safety New Hampshire State Police Uniform Crime Reporting Unit,Y,10,6,"Cities from 2,500 thru 9,999",6,"Cities from 2,500 thru 9,999",N,10,,N,,,,,,,,,2002-01-01,2003-01-01,2003-01-01,2010-04-01,,,N,ROCKINGHAM,"Boston-Cambridge-Newton, MA-NH",Y,Y,Y
120062023,12006,2023,NH0081600,NH0081600,,N,N,,I,DERRY,DERRY PD,Derry,,A,34,New Hampshire,NH,NH,1,New England,1,Northeast,Region I,City,34418,23381,NHUCR0001,New Hampshire Department of Public Safety New Hampshire State Police Uniform Crime Reporting Unit,Y,8,4,"Cities from 25,000 thru 49,999",4,"Cities from 25,000 thru 49,999",N,8,,Y,50,4,54,8,8,16,1.7,2.0,2002-01-01,2003-01-01,2003-01-01,2010-04-01,,,N,ROCKINGHAM,"Boston-Cambridge-Newton, MA-NH",Y,Y,Y
120072023,12007,2023,NH0081800,NH0081800,,N,N,,I,EAST KINGSTON,EAST KINGSTON PD,East Kingston,,A,34,New Hampshire,NH,NH,1,New England,1,Northeast,Region I,City,2446,23381,NHUCR0001,New Hampshire Department of Public Safety New Hampshire State Police Uniform Crime Reporting Unit,Y,11,7,"Cities under 2,500",7,"Cities under 2,500",N,11,,Y,5,0,5,0,1,1,2.0,2.5,2002-01-01,2012-12-01,2012-12-01,2017-08-01,,,N,ROCKINGHAM,"Boston-Cambridge-Newton, MA-NH",Y,Y,Y
120082023,12008,2023,NH0082000,NH0082000,,N,N,,I,EPPING,EPPING PD,Epping,,A,34,New Hampshire,NH,NH,1,New England,1,Northeast,Region I,City,7585,23381,NHUCR0001,New Hampshire Department of Public Safety New Hampshire State Police Uniform Crime Reporting Unit,Y,10,6,"Cities from 2,500 thru 9,999",6,"Cities from 2,500 thru 9,999",N,10,,Y,15,0,15,2,1,3,2.2,2.4,2002-01-01,2003-01-01,2003-01-01,2010-04-01,,,N,ROCKINGHAM,"Boston-Cambridge-Newton, MA-NH",Y,Y,Y
120092023,12009,2023,NH0082200,NH0082200,,N,N,,I,EXETER,EXETER PD,Exeter,,A,34,New Hampshire,NH,NH,1,New England,1,Northeast,Region I,City,16227,23381,NHUCR0001,New Hampshire Department of Public Safety New Hampshire State Police Uniform Crime Reporting Unit,Y,9,5,"Cities from 10,000 thru 24,999",5,"Cities from 10,000 thru 24,999",N,9,,Y,22,2,24,4,6,10,1.6,2.1,2002-01-01,2003-01-01,2003-01-01,2010-04-01,,,N,ROCKINGHAM,"Boston-Cambridge-Newton, MA-NH",Y,Y,Y
120102023,12010,2023,NH0082400,NH0082400,,N,N,,I,FREMONT,FREMONT PD,Fremont,,A,34,New Hampshire,NH,NH,1,New England,1,Northeast,Region I,City,4861,23381,NHUCR0001,New Hampshire Department of Public Safety New Hampshire State Police Uniform Crime Reporting Unit,Y,10,6,"Cities from 2,500 thru 9,999",6,"Cities from 2,500 thru 9,999",N,10,,Y,6,0,6,1,1,2,1.4,1.6,2002-01-01,2003-01-01,2003-01-01,2010-07-01,,,N,ROCKINGHAM,"Boston-Cambridge-Newton, MA-NH",Y,Y,Y
120122023,12012,2023,NH0082800,NH0082800,,N,N,,I,HAMPSTEAD,HAMPSTEAD,Hampstead,,A,34,New Hampshire,NH,NH,1,New England,1,Northeast,Region I,City,9191,23381,NHUCR0001,New Hampshire Department of Public Safety New Hampshire State Police Uniform Crime Reporting Unit,Y,10,6,"Cities from 2,500 thru 9,999",6,"Cities from 2,500 thru 9,999",N,10,,Y,10,0,10,0,0,0,1.1,1.1,2002-01-01,2003-01-01,2003-01-01,2010-04-01,,,N,ROCKINGHAM,"Boston-Cambridge-Newton, MA-NH",Y,Y,Y
120132023,12013,2023,NH0083000,NH0083000,,N,N,,I,HAMPTON,HAMPTON PD,Hampton,,A,34,New Hampshire,NH,NH,1,New England,1,Northeast,Region I,City,16590,23381,NHUCR0001,New Hampshire Department of Public Safety New Hampshire State Police Uniform Crime Reporting Unit,Y,9,5,"Cities from 10,000 thru 24,999",5,"Cities from 10,000 thru 24,999",N,9,,Y,33,3,36,4,4,8,2.2,2.7,2002-01-01,2003-01-01,2003-01-01,2010-04-01,,,N,ROCKINGHAM,"Boston-Cambridge-Newton, MA-NH",Y,Y,Y
120142023,12014,2023,NH0083200,NH0083200,,N,N,,I,HAMPTON FALLS,HAMPTON FALLS PD,Hampton Falls,,A,34,New Hampshire,NH,NH,1,New England,1,Northeast,Region I,City,2411,23381,NHUCR0001,New Hampshire Department of Public Safety New Hampshire State Police Uniform Crime Reporting Unit,Y,11,7,"Cities under 2,500",7,"Cities under 2,500",N,11,,Y,4,0,4,0,0,0,1.7,1.7,2002-01-01,2010-12-01,2010-12-01,2011-05-01,,,N,ROCKINGHAM,"Boston-Cambridge-Newton, MA-NH",Y,Y,Y
120152023,12015,2023,NH0083400,NH0083400,,N,N,,I,KENSINGTON,KENSINGTON,Kensington,,A,34,New Hampshire,NH,NH,1,New England,1,Northeast,Region I,City,2089,23381,NHUCR0001,New Hampshire Department of Public Safety New Hampshire State Police Uniform Crime Reporting Unit,Y,11,7,"Cities under 2,500",7,"Cities under 2,500",N,11,,Y,6,0,6,0,1,1,2.9,3.4,2002-01-01,2014-01-01,2014-01-01,2015-06-01,,,N,ROCKINGHAM,"Boston-Cambridge-Newton, MA-NH",Y,Y,Y
120162023,12016,2023,NH0083600,NH0083600,,N,N,,I,KINGSTON,KINGSTON PD,Kingston,,A,34,New Hampshire,NH,NH,1,New England,1,Northeast,Region I,City,6350,23381,NHUCR0001,New Hampshire Department of Public Safety New Hampshire State Police Uniform Crime Reporting Unit,Y,10,6,"Cities from 2,500 thru 9,999",6,"Cities from 2,500 thru 9,999",N,10,,Y,7,0,7,2,1,3,1.4,1.6,2002-01-01,2003-01-01,2003-01-01,2010-04-01,,,N,ROCKINGHAM,"Boston-Cambridge-Newton, MA-NH",Y,Y,Y
120172023,12017,2023,NH0083800,NH0083800,,N,N,,I,LONDONDERRY,LONDONDERRY PD,Londonderry,,A,34,New Hampshire,NH,NH,1,New England,1,Northeast,Region I,City,26857,23381,NHUCR0001,New Hampshire Department of Public Safety New Hampshire State Police Uniform Crime Reporting Unit,Y,8,4,"Cities from 25,000 thru 49,999",4,"Cities from 25,000 thru 49,999",N,8,,Y,51,5,56,8,9,17,2.2,2.7,2002-01-01,2003-01-01,2003-01-01,2010-04-01,,,N,ROCKINGHAM,"Boston-Cambridge-Newton, MA-NH",Y,Y,Y
120182023,12018,2023,NH0084000,NH0084000,,N,N,,I,NEW CASTLE,NEW CASTLE,New Castle,,A,34,New Hampshire,NH,NH,1,New England,1,Northeast,Region I,City,1004,23381,NHUCR0001,New Hampshire Department of Public Safety New Hampshire State Police Uniform Crime Reporting Unit,Y,11,7,"Cities under 2,500",7,"Cities under 2,500",N,11,,N,,,,,,,,,2002-01-01,2002-01-01,2002-01-01,2018-11-01,,,N,ROCKINGHAM,"Boston-Cambridge-Newton, MA-NH",Y,Y,Y
120192023,12019,2023,NH0084200,NH0084200,,N,N,,I,NEWFIELDS,NEWFIELDS PD,Newfields,,A,34,New Hampshire,NH,NH,1,New England,1,Northeast,Region I,City,1773,23381,NHUCR0001,New Hampshire Department of Public Safety New Hampshire State Police Uniform Crime Reporting Unit,Y,11,7,"Cities under 2,500",7,"Cities under 2,500",N,11,,Y,4,0,4,0,0,0,2.3,2.3,2002-01-01,2003-01-01,2003-01-01,2010-04-01,,,N,ROCKINGHAM,"Boston-Cambridge-Newton, MA-NH",Y,Y,Y
120202023,12020,2023,NH0084400,NH0084400,,N,N,,I,NEWINGTON,NEWINGTON PD,Newington,,A,34,New Hampshire,NH,NH,1,New England,1,Northeast,Region I,City,823,23381,NHUCR0001,New Hampshire Department of Public Safety New Hampshire State Police Uniform Crime Reporting Unit,Y,11,7,"Cities under 2,500",7,"Cities under 2,500",N,11,,Y,8,0,8,0,1,1,9.7,10.9,2002-01-01,2003-01-01,2003-01-01,2010-10-01,,,N,ROCKINGHAM,"Boston-Cambridge-Newton, MA-NH",Y,Y,Y
120212023,12021,2023,NH0084600,NH0084600,,N,N,,I,NEWMARKET,NEWMARKET PD,Newmarket,,A,34,New Hampshire,NH,NH,1,New England,1,Northeast,Region I,City,9399,23381,NHUCR0001,New Hampshire Department of Public Safety New Hampshire State Police Uniform Crime Reporting Unit,Y,10,6,"Cities from 2,500 thru 9,999",6,"Cities from 2,500 thru 9,999",N,10,,Y,14,2,16,1,5,6,1.6,2.3,2002-01-01,2003-01-01,2003-01-01,2011-04-01,,,N,ROCKINGHAM,"Boston-Cambridge-Newton, MA-NH",Y,Y,Y
120222023,12022,2023,NH0084800,NH0084800,,N,N,,I,NEWTON,NEWTON PD,Newton,,A,34,New Hampshire,NH,NH,1,New England,1,Northeast,Region I,City,4824,23381,NHUCR0001,New Hampshire Department of Public Safety New Hampshire State Police Uniform Crime Reporting Unit,Y,10,6,"Cities from 2,500 thru 9,999",6,"Cities from 2,500 thru 9,999",N,10,,Y,4,0,4,0,1,1,0.8,1.0,2002-01-01,2003-01-01,2003-01-01,2010-07-01,,,N,ROCKINGHAM,"Boston-Cambridge-Newton, MA-NH",Y,Y,Y
120232023,12023,2023,NH0085000,NH0085000,,N,N,,I,NORTH HAMPTON,NORTH HAMPTON PD,North Hampton,,A,34,New Hampshire,NH,NH,1,New England,1,Northeast,Region I,City,4557,23381,NHUCR0001,New Hampshire Department of Public Safety New Hampshire State Police Uniform Crime Reporting Unit,Y,10,6,"Cities from 2,500 thru 9,999",6,"Cities from 2,500 thru 9,999",N,10,,N,,,,,,,,,2002-01-01,2002-07-01,2002-07-01,2010-04-01,,,N,ROCKINGHAM,"Boston-Cambridge-Newton, MA-NH",Y,Y,Y
120242023,12024,2023,NH0085200,NH0085200,,N,N,,I,NORTHWOOD,NORTHWOOD PD,Northwood,,A,34,New Hampshire,NH,NH,1,New England,1,Northeast,Region I,City,4689,23381,NHUCR0001,New Hampshire Department of Public Safety New Hampshire State Police Uniform Crime Reporting Unit,Y,10,6,"Cities from 2,500 thru 9,999",6,"Cities from 2,500 thru 9,999",N,10,,N,,,,,,,,,2002-01-01,2003-01-01,2003-01-01,2010-04-01,,,N,ROCKINGHAM,"Boston-Cambridge-Newton, MA-NH",Y,Y,Y
120252023,12025,2023,NH0085400,NH0085400,,N,N,,I,NOTTINGHAM,NOTTINGHAM PD,Nottingham,,A,34,New Hampshire,NH,NH,1,New England,1,Northeast,Region I,City,5435,23381,NHUCR0001,New Hampshire Department of Public Safety New Hampshire State Police Uniform Crime Reporting Unit,Y,10,6,"Cities from 2,500 thru 9,999",6,"Cities from 2,500 thru 9,999",N,10,,Y,6,0,6,1,1,2,1.3,1.5,2002-01-01,2003-01-01,2003-01-01,2010-04-01,,,N,ROCKINGHAM,"Boston-Cambridge-Newton, MA-NH",Y,Y,Y
120262023,12026,2023,NH0085600,NH0085600,,N,N,,I,PLAISTOW,PLAISTOW PD,Plaistow,,A,34,New Hampshire,NH,NH,1,New England,1,Northeast,Region I,City,7869,23381,NHUCR0001,New Hampshire Department of Public Safety New Hampshire State Police Uniform Crime Reporting Unit,Y,10,6,"Cities from 2,500 thru 9,999",6,"Cities from 2,500 thru 9,999",N,10,,Y,15,1,16,0,6,6,1.9,2.8,2002-01-01,2005-01-01,2005-01-01,2010-07-01,2024-04-01,2023-01-01,N,ROCKINGHAM,"Boston-Cambridge-Newton, MA-NH",Y,Y,Y
120272023,12027,2023,NH0085800,NH0085800,,N,N,,I,PORTSMOUTH,PORTSMOUTH PD,Portsmouth,,A,34,New Hampshire,NH,NH,1,New England,1,Northeast,Region I,City,23057,23381,NHUCR0001,New Hampshire Department of Public Safety New Hampshire State Police Uniform Crime Reporting Unit,Y,9,5,"Cities from 10,000 thru 24,999",5,"Cities from 10,000 thru 24,999",N,9,,Y,55,3,58,6,15,21,2.6,3.4,2002-01-01,2003-01-01,2003-01-01,2010-04-01,,,N,ROCKINGHAM,"Boston-Cambridge-Newton, MA-NH",Y,Y,Y
120282023,12028,2023,NH0086000,NH0086000,,N,N,,I,RAYMOND,RAYMOND PD,Raymond,,A,34,New Hampshire,NH,NH,1,New England,1,Northeast,Region I,City,11121,23381,NHUCR0001,New Hampshire Department of Public Safety New Hampshire State Police Uniform Crime Reporting Unit,Y,9,5,"Cities from 10,000 thru 24,999",5,"Cities from 10,000 thru 24,999",N,9,,Y,15,4,19,1,4,5,1.4,2.2,2002-01-01,2003-01-01,2003-01-01,2010-04-01,,,N,ROCKINGHAM,"Boston-Cambridge-Newton, MA-NH",Y,Y,Y
120292023,12029,2023,NH0086200,NH0086200,,N,N,,I,RYE,RYE PD,Rye,,A,34,New Hampshire,NH,NH,1,New England,1,Northeast,Region I,City,5625,23381,NHUCR0001,New Hampshire Department of Public Safety New Hampshire State Police Uniform Crime Reporting Unit,Y,10,6,"Cities from 2,500 thru 9,999",6,"Cities from 2,500 thru 9,999",N,10,,Y,10,0,10,0,1,1,1.8,2.0,2002-01-01,2003-01-01,2003-01-01,2010-10-01,,,N,ROCKINGHAM,"Boston-Cambridge-Newton, MA-NH",Y,Y,Y
120302023,12030,2023,NH0086400,NH0086400,,N,N,,I,SALEM,SALEM PD,Salem,,A,34,New Hampshire,NH,NH,1,New England,1,Northeast,Region I,City,30796,23381,NHUCR0001,New Hampshire Department of Public Safety New Hampshire State Police Uniform Crime Reporting Unit,Y,8,4,"Cities from 25,000 thru 49,999",4,"Cities from 25,000 thru 49,999",N,8,,Y,62,5,67,3,11,14,2.1,2.6,2002-01-01,2010-01-01,2010-01-01,2011-07-01,,,N,ROCKINGHAM,"Boston-Cambridge-Newton, MA-NH",Y,Y,Y
120312023,12031,2023,NH0086600,NH0086600,,N,N,,I,SANDOWN,SANDOWN PD,Sandown,,A,34,New Hampshire,NH,NH,1,New England,1,Northeast,Region I,City,6650,23381,NHUCR0001,New Hampshire Department of Public Safety New Hampshire State Police Uniform Crime Reporting Unit,Y,10,6,"Cities from 2,500 thru 9,999",6,"Cities from 2,500 thru 9,999",N,10,,Y,6,1,7,0,0,0,0.9,1.1,2002-01-01,2003-01-01,2003-01-01,2010-10-01,,,N,ROCKINGHAM,"Boston-Cambridge-Newton, MA-NH",Y,Y,Y
120322023,12032,2023,NH0086800,NH0086800,,N,N,,I,SEABROOK,SEABROOK PD,Seabrook,,A,34,New Hampshire,NH,NH,1,New England,1,Northeast,Region I,City,8444,23381,NHUCR0001,New Hampshire Department of Public Safety New Hampshire State Police Uniform Crime Reporting Unit,Y,10,6,"Cities from 2,500 thru 9,999",6,"Cities from 2,500 thru 9,999",N,10,,Y,25,3,28,2,3,5,3.2,3.9,2002-01-01,2005-01-01,2005-01-01,2010-10-01,,,N,ROCKINGHAM,"Boston-Cambridge-Newton, MA-NH",Y,Y,Y
120332023,12033,2023,NH0087000,NH0087000,,N,N,,I,SOUTH HAMPTON,SOUTH HAMPTON PD,South Hampton,,A,34,New Hampshire,NH,NH,1,New England,1,Northeast,Region I,City,904,23381,NHUCR0001,New Hampshire Department of Public Safety New Hampshire State Police Uniform Crime Reporting Unit,Y,11,7,"Cities under 2,500",7,"Cities under 2,500",N,11,,Y,1,0,1,0,0,0,1.1,1.1,2002-01-01,2008-09-01,2008-09-01,2010-05-01,,,N,ROCKINGHAM,"Boston-Cambridge-Newton, MA-NH",Y,Y,Y
120342023,12034,2023,NH0087200,NH0087200,,N,N,,I,STRATHAM,STRATHAM PD,Stratham,,A,34,New Hampshire,NH,NH,1,New England,1,Northeast,Region I,City,7846,23381,NHUCR0001,New Hampshire Department of Public Safety New Hampshire State Police Uniform Crime Reporting Unit,Y,10,6,"Cities from 2,500 thru 9,999",6,"Cities from 2,500 thru 9,999",N,10,,N,,,,,,,,,2002-01-01,2003-01-01,2003-01-01,2010-04-01,,,N,ROCKINGHAM,"Boston-Cambridge-Newton, MA-NH",Y,Y,Y
120352023,12035,2023,NH0087400,NH0087400,,N,N,,I,WINDHAM,WINDHAM PD,Windham,,A,34,New Hampshire,NH,NH,1,New England,1,Northeast,Region I,City,16115,23381,NHUCR0001,New Hampshire Department of Public Safety New Hampshire State Police Uniform Crime Reporting Unit,Y,9,5,"Cities from 10,000 thru 24,999",5,"Cities from 10,000 thru 24,999",N,9,,Y,17,1,18,1,6,7,1.1,1.6,2002-01-01,2003-01-01,2003-01-01,2010-04-01,,,N,ROCKINGHAM,"Boston-Cambridge-Newton, MA-NH",Y,Y,Y
120372023,12037,2023,NH0090000,NH0090000,,N,N,,I,STRAFFORD,SO STRAFFORD COUNTY DOVER,Strafford,,A,34,New Hampshire,NH,NH,1,New England,1,Northeast,Region I,County,0,23381,NHUCR0001,New Hampshire Department of Public Safety New Hampshire State Police Uniform Crime Reporting Unit,Y,22,9D,"MSA counties under 10,000",9,MSA Counties,N,22,,Y,21,6,27,2,9,11,0,0,2002-01-01,2010-08-01,2010-08-01,2016-10-01,,,N,STRAFFORD,"Boston-Cambridge-Newton, MA-NH",Y,Y,Y
120382023,12038,2023,NH009010X,NH0090100,,N,N,,I,SP: STRAFFORD COUNTY,SP: STRAFFORD COUNTY,State Police:,Strafford County,A,34,New Hampshire,NH,NH,1,New England,1,Northeast,Region I,State Police,0,23381,NHUCR0001,New Hampshire Department of Public Safety New Hampshire State Police Uniform Crime Reporting Unit,Y,22,9D,"MSA counties under 10,000",9,MSA Counties,N,22,,N,,,,,,,0,0,2002-01-01,2004-01-01,2004-01-01,2015-03-01,2022-05-01,2022-05-01,N,STRAFFORD,"Boston-Cambridge-Newton, MA-NH",Y,Y,Y
120392023,12039,2023,NH0090200,NH0090200,,N,N,,I,BARRINGTON,BARRINGTON PD,Barrington,,A,34,New Hampshire,NH,NH,1,New England,1,Northeast,Region I,City,9603,23381,NHUCR0001,New Hampshire Department of Public Safety New Hampshire State Police Uniform Crime Reporting Unit,Y,10,6,"Cities from 2,500 thru 9,999",6,"Cities from 2,500 thru 9,999",N,10,,Y,9,0,9,2,1,3,1.1,1.2,2002-01-01,2003-01-01,2003-01-01,2010-07-01,,,N,STRAFFORD,"Boston-Cambridge-Newton, MA-NH",Y,Y,Y
120402023,12040,2023,NH0090400,NH0090400,,N,N,,I,DOVER,DOVER PD,Dover,,A,34,New Hampshire,NH,NH,1,New England,1,Northeast,Region I,City,33691,23381,NHUCR0001,New Hampshire Department of Public Safety New Hampshire State Police Uniform Crime Reporting Unit,Y,8,4,"Cities from 25,000 thru 49,999",4,"Cities from 25,000 thru 49,999",N,8,,Y,35,14,49,8,18,26,1.3,2.2,2002-01-01,2003-01-01,2003-01-01,2010-04-01,2022-04-01,2016-10-01,N,STRAFFORD,"Boston-Cambridge-Newton, MA-NH",Y,Y,Y
120412023,12041,2023,NH0090600,NH0090600,,N,N,,I,DURHAM,DURHAM PD,Durham,,A,34,New Hampshire,NH,NH,1,New England,1,Northeast,Region I,City,13953,23381,NHUCR0001,New Hampshire Department of Public Safety New Hampshire State Police Uniform Crime Reporting Unit,Y,9,5,"Cities from 10,000 thru 24,999",5,"Cities from 10,000 thru 24,999",N,9,,Y,15,0,15,3,3,6,1.3,1.5,2002-01-01,2008-01-01,2008-01-01,2010-04-01,,,N,STRAFFORD,"Boston-Cambridge-Newton, MA-NH",Y,Y,Y
120422023,12042,2023,NH0090800,NH0090800,,N,N,,I,FARMINGTON,FARMINGTON PD,Farmington,,A,34,New Hampshire,NH,NH,1,New England,1,Northeast,Region I,City,6901,23381,NHUCR0001,New Hampshire Department of Public Safety New Hampshire State Police Uniform Crime Reporting Unit,Y,10,6,"Cities from 2,500 thru 9,999",6,"Cities from 2,500 thru 9,999",N,10,,Y,10,0,10,2,1,3,1.7,1.9,2002-01-01,2003-01-01,2003-01-01,2010-04-01,,,N,STRAFFORD,"Boston-Cambridge-Newton, MA-NH",Y,Y,Y
120432023,12043,2023,NH0091000,NH0091000,,N,N,,I,LEE,LEE PD,Lee,,A,34,New Hampshire,NH,NH,1,New England,1,Northeast,Region I,City,4631,23381,NHUCR0001,New Hampshire Department of Public Safety New Hampshire State Police Uniform Crime Reporting Unit,Y,10,6,"Cities from 2,500 thru 9,999",6,"Cities from 2,500 thru 9,999",N,10,,Y,4,0,4,1,1,2,1.1,1.3,2002-01-01,2003-01-01,2003-01-01,2010-04-01,,,N,STRAFFORD,"Boston-Cambridge-Newton, MA-NH",Y,Y,Y
120442023,12044,2023,NH0091200,NH0091200,,N,N,,I,MADBURY,MADBURY PD,Madbury,,A,34,New Hampshire,NH,NH,1,New England,1,Northeast,Region I,City,1970,23381,NHUCR0001,New Hampshire Department of Public Safety New Hampshire State Police Uniform Crime Reporting Unit,Y,11,7,"Cities under 2,500",7,"Cities under 2,500",N,11,,N,,,,,,,,,2002-01-01,2017-01-01,2017-01-01,2018-12-01,,,N,STRAFFORD,"Boston-Cambridge-Newton, MA-NH",Y,Y,Y
120452023,12045,2023,NH0091400,NH0091400,,N,N,,I,MIDDLETON,MIDDLETON PD,Middleton,,A,34,New Hampshire,NH,NH,1,New England,1,Northeast,Region I,City,1861,23381,NHUCR0001,New Hampshire Department of Public Safety New Hampshire State Police Uniform Crime Reporting Unit,Y,11,7,"Cities under 2,500",7,"Cities under 2,500",N,11,,Y,3,0,3,0,0,0,1.6,1.6,2002-01-01,2003-02-01,2003-02-01,2010-04-01,,,N,STRAFFORD,"Boston-Cambridge-Newton, MA-NH",Y,Y,Y
120462023,12046,2023,NH0091600,NH0091600,,N,N,,I,MILTON,MILTON PD,Milton,,A,34,New Hampshire,NH,NH,1,New England,1,Northeast,Region I,City,4617,23381,NHUCR0001,New Hampshire Department of Public Safety New Hampshire State Police Uniform Crime Reporting Unit,Y,10,6,"Cities from 2,500 thru 9,999",6,"Cities from 2,500 thru 9,999",N,10,,Y,5,0,5,0,0,0,1.1,1.1,2002-01-01,2003-01-01,2003-01-01,2010-07-01,,,N,STRAFFORD,"Boston-Cambridge-Newton, MA-NH",Y,Y,Y
120472023,12047,2023,NH0091800,NH0091800,,N,N,,I,NEW DURHAM,NEW DURHAM PD,New Durham,,A,34,New Hampshire,NH,NH,1,New England,1,Northeast,Region I,City,2784,23381,NHUCR0001,New Hampshire Department of Public Safety New Hampshire State Police Uniform Crime Reporting Unit,Y,10,6,"Cities from 2,500 thru 9,999",6,"Cities from 2,500 thru 9,999",N,10,,Y,4,0,4,0,0,0,1.4,1.4,2002-01-01,2003-01-01,2003-01-01,2010-04-01,,,N,STRAFFORD,"Boston-Cambridge-Newton, MA-NH",Y,Y,Y
120482023,12048,2023,NH0092000,NH0092000,,N,N,,I,ROCHESTER,ROCHESTER PD,Rochester,,A,34,New Hampshire,NH,NH,1,New England,1,Northeast,Region I,City,33448,23381,NHUCR0001,New Hampshire Department of Public Safety New Hampshire State Police Uniform Crime Reporting Unit,Y,8,4,"Cities from 25,000 thru 49,999",4,"Cities from 25,000 thru 49,999",N,8,,Y,47,1,48,10,12,22,1.7,2.1,2002-01-01,2003-01-01,2003-01-01,2010-04-01,,,N,STRAFFORD,"Boston-Cambridge-Newton, MA-NH",Y,Y,Y
120492023,12049,2023,NH0092200,NH0092200,,N,N,,I,ROLLINSFORD,ROLLINSFORD PD,Rollinsford,,A,34,New Hampshire,NH,NH,1,New England,1,Northeast,Region I,City,2652,23381,NHUCR0001,New Hampshire Department of Public Safety New Hampshire State Police Uniform Crime Reporting Unit,Y,10,6,"Cities from 2,500 thru 9,999",6,"Cities from 2,500 thru 9,999",N,10,,Y,3,0,3,0,0,0,1.1,1.1,2002-01-01,2003-01-01,2003-01-01,2010-04-01,,,N,STRAFFORD,"Boston-Cambridge-Newton, MA-NH",Y,Y,Y
120502023,12050,2023,NH0092400,NH0092400,,N,N,,I,SOMERSWORTH,SOMERSWORTH PD,Somersworth,,A,34,New Hampshire,NH,NH,1,New England,1,Northeast,Region I,City,12257,23381,NHUCR0001,New Hampshire Department of Public Safety New Hampshire State Police Uniform Crime Reporting Unit,Y,9,5,"Cities from 10,000 thru 24,999",5,"Cities from 10,000 thru 24,999",N,9,,Y,21,2,23,2,5,7,1.9,2.4,2002-01-01,2003-01-01,2003-01-01,2010-04-01,,,N,STRAFFORD,"Boston-Cambridge-Newton, MA-NH",Y,Y,Y
120512023,12051,2023,NH0092600,NH0092600,,N,N,,I,STRAFFORD,STRAFFORD PD,Strafford,,A,34,New Hampshire,NH,NH,1,New England,1,Northeast,Region I,City,4369,23381,NHUCR0001,New Hampshire Department of Public Safety New Hampshire State Police Uniform Crime Reporting Unit,Y,10,6,"Cities from 2,500 thru 9,999",6,"Cities from 2,500 thru 9,999",N,10,,Y,6,0,6,0,0,0,1.4,1.4,2002-01-01,2003-01-01,2003-01-01,2010-04-01,,,N,STRAFFORD,"Boston-Cambridge-Newton, MA-NH",Y,Y,Y
120542023,12054,2023,NH0100000,NH0100000,,N,N,,I,SULLIVAN,SO SULLIVAN COUNTY NEWPORT,Sullivan,,A,34,New Hampshire,NH,NH,1,New England,1,Northeast,Region I,County,2677,23381,NHUCR0001,New Hampshire Department of Public Safety New Hampshire State Police Uniform Crime Reporting Unit,N,16,8D,"Non-MSA counties under 10,000",8,Non-MSA Counties,N,16,,Y,7,0,7,0,0,0,2.6,2.6,2002-01-01,2021-01-01,2021-08-01,2021-08-01,,,N,SULLIVAN,Not Specified,Y,Y,Y
120552023,12055,2023,NH010010X,NH0100100,,N,N,,I,SP: SULLIVAN COUNTY,SP: SULLIVAN COUNTY,State Police:,Sullivan County,A,34,New Hampshire,NH,NH,1,New England,1,Northeast,Region I,State Police,1701,23381,NHUCR0001,New Hampshire Department of Public Safety New Hampshire State Police Uniform Crime Reporting Unit,N,16,8D,"Non-MSA counties under 10,000",8,Non-MSA Counties,N,16,,N,,,,,,,,,2002-01-01,2003-01-01,2003-01-01,2015-03-01,2022-02-01,2022-02-01,N,SULLIVAN,Not Specified,Y,Y,Y
120572023,12057,2023,NH0100400,NH0100400,,N,N,,I,CHARLESTOWN,CHARLESTOWN PD,Charlestown,,A,34,New Hampshire,NH,NH,1,New England,1,Northeast,Region I,City,4958,23381,NHUCR0001,New Hampshire Department of Public Safety New Hampshire State Police Uniform Crime Reporting Unit,N,10,6,"Cities from 2,500 thru 9,999",6,"Cities from 2,500 thru 9,999",N,10,,Y,3,0,3,2,4,6,1.0,1.8,2002-01-01,2003-01-01,2003-01-01,2010-04-01,,,N,SULLIVAN,Not Specified,Y,Y,Y
120602023,12060,2023,NH0101000,NH0101000,,N,N,,I,GOSHEN,GOSHEN PD,Goshen,,A,34,New Hampshire,NH,NH,1,New England,1,Northeast,Region I,City,820,23381,NHUCR0001,New Hampshire Department of Public Safety New Hampshire State Police Uniform Crime Reporting Unit,N,11,7,"Cities under 2,500",7,"Cities under 2,500",N,11,,N,,,,,,,,,2002-01-01,2021-01-01,2022-02-01,2022-02-01,2022-02-01,2022-02-01,N,SULLIVAN,Not Specified,Y,Y,Y
120612023,12061,2023,NH0101200,NH0101200,,N,N,,I,GRANTHAM,GRANTHAM PD,Grantham,,A,34,New Hampshire,NH,NH,1,New England,1,Northeast,Region I,City,3511,23381,NHUCR0001,New Hampshire Department of Public Safety New Hampshire State Police Uniform Crime Reporting Unit,N,10,6,"Cities from 2,500 thru 9,999",6,"Cities from 2,500 thru 9,999",N,10,,Y,4,1,5,0,1,1,1.1,1.7,2002-01-01,2003-01-01,2003-01-01,2010-04-01,2023-03-01,2023-03-01,N,SULLIVAN,Not Specified,Y,Y,Y
120642023,12064,2023,NH0101800,NH0101800,,N,N,,I,NEWPORT,NEWPORT PD,Newport,,A,34,New Hampshire,NH,NH,1,New England,1,Northeast,Region I,City,6489,23381,NHUCR0001,New Hampshire Department of Public Safety New Hampshire State Police Uniform Crime Reporting Unit,N,10,6,"Cities from 2,500 thru 9,999",6,"Cities from 2,500 thru 9,999",N,10,,Y,11,2,13,1,3,4,1.8,2.6,2002-01-01,2003-01-01,2003-01-01,2010-04-01,,,N,SULLIVAN,Not Specified,Y,Y,Y
120652023,12065,2023,NH0102000,NH0102000,,N,N,,I,PLAINFIELD,PLAINFIELD,Plainfield,,A,34,New Hampshire,NH,NH,1,New England,1,Northeast,Region I,City,2581,23381,NHUCR0001,New Hampshire Department of Public Safety New Hampshire State Police Uniform Crime Reporting Unit,N,10,6,"Cities from 2,500 thru 9,999",6,"Cities from 2,500 thru 9,999",N,10,,Y,3,0,3,0,0,0,1.2,1.2,2002-01-01,2019-01-01,2019-01-01,2019-07-01,2023-04-01,2023-04-01,N,SULLIVAN,Not Specified,Y,Y,Y
120662023,12066,2023,NH0102200,NH0102200,,N,N,,I,SPRINGFIELD,SPRINGFIELD,Springfield,,A,34,New Hampshire,NH,NH,1,New England,1,Northeast,Region I,City,1333,23381,NHUCR0001,New Hampshire Department of Public Safety New Hampshire State Police Uniform Crime Reporting Unit,N,11,7,"Cities under 2,500",7,"Cities under 2,500",N,11,,Y,2,0,2,0,0,0,1.5,1.5,2002-01-01,2014-01-01,2014-01-01,2015-09-01,2021-02-01,2019-12-01,N,SULLIVAN,Not Specified,Y,Y,Y
120672023,12067,2023,NH0102400,NH0102400,,N,N,,I,SUNAPEE,SUNAPEE PD,Sunapee,,A,34,New Hampshire,NH,NH,1,New England,1,Northeast,Region I,City,3478,23381,NHUCR0001,New Hampshire Department of Public Safety New Hampshire State Police Uniform Crime Reporting Unit,N,10,6,"Cities from 2,500 thru 9,999",6,"Cities from 2,500 thru 9,999",N,10,,Y,5,1,6,0,0,0,1.4,1.7,2002-01-01,2006-01-01,2006-01-01,2010-04-01,2020-10-01,2019-03-01,N,SULLIVAN,Not Specified,Y,Y,Y
120692023,12069,2023,NH0102800,NH0102800,,N,N,,I,WASHINGTON,WASHINGTON PD,Washington,,A,34,New Hampshire,NH,NH,1,New England,1,Northeast,Region I,City,1220,23381,NHUCR0001,New Hampshire Department of Public Safety New Hampshire State Police Uniform Crime Reporting Unit,N,11,7,"Cities under 2,500",7,"Cities under 2,500",N,11,,Y,1,0,1,0,0,0,0.8,0.8,2002-01-01,2004-12-01,2004-12-01,2010-04-01,2021-02-01,2018-07-01,N,SULLIVAN,Not Specified,Y,Y,Y
223332023,22333,2023,NH00927TZ,NH0092700,,N,N,,I,UNIV OF NEW HAMPSHIRE,UNIV OF NEW HAMPSHIRE,University of New Hampshire,,A,34,New Hampshire,NH,NH,1,New England,1,Northeast,Region I,University or College,0,23381,NHUCR0001,New Hampshire Department of Public Safety New Hampshire State Police Uniform Crime Reporting Unit,Y,11,7,"Cities under 2,500",7,"Cities under 2,500",N,11,,Y,17,8,25,2,4,6,0,0,2002-01-01,2010-01-01,2010-01-01,2011-03-01,2022-06-01,2022-06-01,N,STRAFFORD,"Boston-Cambridge-Newton, MA-NH",Y,Y,Y
275912023,27591,2023,NH0045200,NH0045200,,N,N,,I,PITTSBURG,,Pittsburg,,A,34,New Hampshire,NH,NH,1,New England,1,Northeast,Region I,City,843,23381,NHUCR0001,New Hampshire Department of Public Safety New Hampshire State Police Uniform Crime Reporting Unit,N,11,7,"Cities under 2,500",7,"Cities under 2,500",N,11,,Y,1,0,1,0,0,0,1.2,1.2,2002-01-01,2015-01-01,2015-01-01,2018-06-01,,,N,COOS,Not Specified,Y,Y,Y
297542023,29754,2023,NH0058100,NH0058100,,N,N,,I,PLYMOUTH STATE UNIVERSITY,,Plymouth State University,,A,34,New Hampshire,NH,NH,1,New England,1,Northeast,Region I,University or College,0,23381,NHUCR0001,New Hampshire Department of Public Safety New Hampshire State Police Uniform Crime Reporting Unit,N,11,7,"Cities under 2,500",7,"Cities under 2,500",N,11,,N,,,,,,,0,0,2002-01-01,2018-02-01,2018-02-01,2019-12-01,,,N,GRAFTON,Not Specified,Y,Y,Y
305962023,30596,2023,NH0050600,NH0050600,,N,N,,I,BATH,,Bath,,A,34,New Hampshire,NH,NH,1,New England,1,Northeast,Region I,City,1128,23381,NHUCR0001,New Hampshire Department of Public Safety New Hampshire State Police Uniform Crime Reporting Unit,N,11,7,"Cities under 2,500",7,"Cities under 2,500",N,11,,N,,,,,,,,,2002-01-01,2019-01-01,2019-01-01,2020-03-01,2024-04-01,2023-04-01,N,GRAFTON,Not Specified,Y,Y,Y
313762023,31376,2023,NH0053200,NH0053200,,N,N,,I,GROTON,,Groton,,A,34,New Hampshire,NH,NH,1,New England,1,Northeast,Region I,City,594,23381,NHUCR0001,New Hampshire Department of Public Safety New Hampshire State Police Uniform Crime Reporting Unit,N,11,7,"Cities under 2,500",7,"Cities under 2,500",N,11,,N,0,0,0,0,0,0,0.0,0.0,2002-01-01,2020-07-01,2020-07-01,2021-02-01,,2021-02-01,N,GRAFTON,Not Specified,Y,Y,Y
328542023,32854,2023,NH0056400,NH0056400,,N,N,,I,PIERMONT,,Piermont,,A,34,New Hampshire,NH,NH,1,New England,1,Northeast,Region I,City,781,23381,NHUCR0001,New Hampshire Department of Public Safety New Hampshire State Police Uniform Crime Reporting Unit,N,11,7,"Cities under 2,500",7,"Cities under 2,500",N,11,,N,,,,,,,,,2002-01-01,2020-01-01,2020-01-01,2021-02-01,2023-03-01,2023-03-01,N,GRAFTON,Not Specified,Y,Y,Y
328552023,32855,2023,NH0057800,NH0057800,,N,N,,I,WENTWORTH,,Wentworth,,A,34,New Hampshire,NH,NH,1,New England,1,Northeast,Region I,City,860,23381,NHUCR0001,New Hampshire Department of Public Safety New Hampshire State Police Uniform Crime Reporting Unit,N,11,7,"Cities under 2,500",7,"Cities under 2,500",N,11,,N,,,,,,,,,2002-01-01,2020-01-01,2020-01-01,2021-02-01,2024-03-01,2023-04-01,N,GRAFTON,Not Specified,Y,Y,Y
332982023,33298,2023,NH0056800,NH0056800,,N,N,,I,RUMNEY,,Rumney,,A,34,New Hampshire,NH,NH,1,New England,1,Northeast,Region I,City,1518,23381,NHUCR0001,New Hampshire Department of Public Safety New Hampshire State Police Uniform Crime Reporting Unit,N,11,7,"Cities under 2,500",7,"Cities under 2,500",N,11,,Y,2,0,2,0,0,0,1.3,1.3,2002-01-01,2021-01-01,2021-01-01,2021-01-01,2021-01-01,2021-01-01,N,GRAFTON,Not Specified,Y,Y,Y
334372023,33437,2023,NH0075600,NH0075600,,N,N,,I,WILMOT,,Wilmot,,A,34,New Hampshire,NH,NH,1,New England,1,Northeast,Region I,City,1453,23381,NHUCR0001,New Hampshire Department of Public Safety New Hampshire State Police Uniform Crime Reporting Unit,N,11,7,"Cities under 2,500",7,"Cities under 2,500",N,11,,Y,1,0,1,0,0,0,0.7,0.7,2002-01-01,2021-01-01,2021-01-01,2021-09-01,2021-09-01,2021-09-01,N,MERRIMACK,Not Specified,Y,Y,Y
